Title,Composer,Lyricist,Singer,Album ,Year,Genre,Lyrics,Metaphor,Source domain,Target domain,Interpretation,
හිම දියවී හිමාලයේ,ඩැනිස්ටර් පෙරේරා ,ධම්මික බණ්ඩාර,අමරසිරි පීරිස් ,නොදනී,70-90 දශක,සම්භාව්ය,"හිම දියවී හිමාලයේ

යමුනා ගඟ නගයි තරංගා..
සුදු පෙණ කැටි බලන්න රාධා..
සුළඟ හමයි සීතල සාදා..
සීතල ගිනි ගනීද ක්රිෂ්ණා..


සිනා රැලි නගා උතුරණ
ඔය හදවත් නීල ජලාසේ..
පීණන මේ ස්වර්ණ හංසයෝ..
අකීකරුද මෙතරම් රාධා..

ඉඩ දී දෙන්නට දඩුවම්
දෑස පියා ගන්නම් ක්රිෂ්ණා..

හිම දියවී හිමාලයේ

යමුනා ගඟ නගයි තරංගා..
සුදු පෙණ කැටි බලන්න රාධා..
සුළඟ හමයි සීතල සාදා..
සීතල ගිනි ගනීද ක්රිෂ්ණා..


මල් පෙති පොඩිවී ඉකිලන
මේ හෝපලු යහන් තලාවේ..
සඳ දිය මිණිමෙවුලට වැටිලා..
දෑස නිලංකාරයි රාධා..

ගිලිහී ගියදෙන් මිණි කැට
දෑස වසා ඉන්නම් ක්රිෂ්ණා..

හිම දියවී හිමාලයේ

යමුනා ගඟ නගයි තරංගා..
සුදු පෙණ කැටි බලන්න රාධා..
සුළඟ හමයි සීතල සාදා..

සීතල ගිනි ගනීද ක්රිෂ්ණා..",හදවත් නීල ජලාසේ,නිල් පැහැති ජලාශය, හදවත,පිරිසිදු  හදවත,
මේ ඉරයි හඳයි තනි අහසක,කපිල අපාරක්ක ,නාරද විජේසුරිය,අමරසිරි පීරිස් ,සුදු මැණිකේ,1994,පැරණි පොප්,"මේ ඉරයි හඳයි තනි අහසක පායන දවසක

එක මොහොතක් මගේ වෙලා උයනක වෙරළක...
එදා වගේ හමුවන්නට සුන්දර හවසක
හීන මවනවද හිර වී...
හිමි නැති පපුවක...

රුදු වදන් කටු ඇනී හීරුණු සමනල තටු වල
මුදු බැලුම් පවන් රැල් අතුරා නිවාලන්න දුක
රුදු වදන් කටු ඇනී හීරුණු සමනල තටු වල
මුදු බැලුම් පවන් රැල් අතුරා නිවාලන්න දුක
සුර ගඟක් ගලා ගිය නිම්නෙක නොතෙමා යටි හිත
පිනි බිඳක් වෙලා පිපුණත් ඇති ආදර පවසට...

අකුරු වලට පෙරළෙන්නැති දරදඬු සුසුමට
මිතුරු ඇස් වලින් සඟවන උණුසුම් කඳුළට
අකුරු වලට පෙරළෙන්නැති දරදඬු සුසුමට
මිතුරු ඇස් වලින් සඟවන උණුසුම් කඳුළට
ඔහෙ ගලා යන්න ඉඩ දී හිත ඉල්ලන තාලෙට
ආදරේ හොයමු අපි ඉස්සර හංගපු තැන් වල…
මේ ඉරයි හඳයි තනි අහසක පායන දවසක

එක මොහොතක් මගේ වෙලා උයනක වෙරළක
එදා වගේ හමුවන්නට සුන්දර හවසක
හීන මවනවද හිර වී...
හිමි නැති පපුවක...",රුදු වදන් කටු,කටු ,වචන ,කර්කශ වචන ,
දිගැසියේ දිගු නීල නයන,අමරසිරි පීරිස් ,නොදනී,අමරසිරි පීරිස් ,නොදනී,70-90 දශක,සම්භාව්ය,"දිගැසියේ දිගු නීල නයන
නිල්‌ විලේ පිහිනා යන්නට
අවසර ඇත්නම්‌ //,
සඳාදියේ සඳ සිහින සිඹින
තරු ඇසේ මෘදු සිහින පතක
දැවටි ඉන්නම්‌.

ගිමනිවා ගිම්භානයේ.
මල්‌ පොකුරු පුරෝගෙන
ලියමඩොළු රටා වියනා,
හසකැන්‌ ලිහා වස්සානයේ
ඇවිදන් යන්න යමු ප්‍රේමියේ  

දිගැසියේ දිගු නීල නයන
නිල්‌ විලේ පිහිනා යන්නට
අවසර ඇත්නම්‌ //

තටු සලා නිල අකාහයේ 
පවනැල්ලේ එතීගෙන  
සිත් කවුළු පියන් හරිනා 
සුවදින් නුඹේ කින්දුරාවියේ 
හැඟුමන් දෙන්න කල්පාන්තයේ ",තරු ඇසේ,තරුව ,ඇස,දිලිසෙන ඇස,
මේ එකම සඳක් යට,කරුණාරත්න විජේවර්දන ,ඉන්ද්‍රසිරි සුරවීර ,අමරසිරි පීරිස් ,නොදනී,70-90 දශක,පැරණි පොප්,"මේ එකම සඳක් යට දෙහදක් හමුවී
වියැකි යන්නට වරම් පතන රුදු කාලයයි
සැනසුම් වදනින් හද පිරි මැද යයි
වසත් ගීතයක රාවයයි

ආගන්තුක හමුවීමේ ලෙන්ගතුවු මුදු කමලේ
සුවඳ විහදවු පිපුණු මලකි නුඹ
පුංචි නැගනියේ ..
මගෙ ආදරියේ ..

කඳුලක සැඟවි රැදුනේ
සොඳුරු බවයි හමුවීමේ
බිහිදොර අභියස විකසිත කුසුමකි
පුංචි නැගනියේ ..
මගෙ ආදරියේ ..

මේ එකම සඳක් ...",පිපුණු මලකි නුඹ,මල,පෙම්වතිය ,සුවඳවත් පෙම්වතිය ,
මේ එකම සඳක් යට,කරුණාරත්න විජේවර්දන ,ඉන්ද්‍රසිරි සුරවීර ,අමරසිරි පීරිස් ,නොදනී,70-90 දශක,පැරණි පොප්,"මේ එකම සඳක් යට දෙහදක් හමුවී
වියැකි යන්නට වරම් පතන රුදු කාලයයි
සැනසුම් වදනින් හද පිරි මැද යයි
වසත් ගීතයක රාවයයි

ආගන්තුක හමුවීමේ ලෙන්ගතුවු මුදු කමලේ
සුවඳ විහදවු පිපුණු මලකි නුඹ
පුංචි නැගනියේ ..
මගෙ ආදරියේ ..

කඳුලක සැඟවි රැදුනේ
සොඳුරු බවයි හමුවීමේ
බිහිදොර අභියස විකසිත කුසුමකි
පුංචි නැගනියේ ..
මගෙ ආදරියේ ..

මේ එකම සඳක් ...",විකසිත කුසුමකි,මල ,පෙම්වතිය ,සුවඳවත් පෙම්වතිය ,
මේ කිරුල බර වැඩී දේවී,රෝහණ වීරසිංහ ,බණ්ඩාර ඇහැලියගොඩ,අමරසිරි පීරිස් ,නොදනී,2021,සම්භාව්ය,"මේ කිරුල බර වැඩී දේවී
ගිනි ගැනී ලය රිදුම් දේවී
ඔබම පැලඳූ සිරස
ප්‍රේමයේ මිණි කිරුල 
තවම මා හිස රඳයි දේවී
එයම මට බර වැඩී දේවී

සඳ කිඳුරු භවේ සිට ආමී
දුක සතුට සමව ඉවසීමී
එදා සිට සපථ කල 
ප්‍රේමයෙන් ආතුරව 
පැමිණි මග මෙයින් නිම වේවී
සමු ගන්න අවසරයි ස්වාමී

මිතුරියක සොයුරියක 
සෙනෙහසම පිදු මවක
මග නොමග කියා දුන් 
ඇදුරුතුමියයි වරෙක
සංසාර සාගරෙන් පාවී 
මවෙත ආ සඳකිඳුරු දේවී

මිතුරියක සොයුරියක මවක පිය සොඳුරියක
මග නොමග කියා දුන් ඇදුරුතුමියව වරෙක
ආ ගමන නිමා කර පේවී 
නික්ම යයි සඳකිඳුරු දේවී

රැයම නොනිදා රැඳි
මගේ නෙතු මත හිඳී
මතක ගිලිහෙනු නොදී
ඔබ මසිත පිරිමදී
සසර මග අත නොහැර පේවී
යලි එකට මුන ගැහෙමු දේවී

දෙසිත් යා කර බැඳී
ප්‍රේමයට ඉඩ නොදී
යන මොහොත ඇත යෙදී
මේ භවය මට මදී
පෙර පුරුදු ස්නේහයම පාමී
අපි යලිදු මුන ගැහෙමු ස්වාමී",මග නොමග කියා දුන් ඇදුරුතුමිය,ගුරුතුමිය,පෙම්වතිය,ගුරුහරුකම් ලබාදුන් පෙම්වතිය,
මේ ප්‍රේමය ද,අමරසිරි පීරිස් ,බණ්ඩාර ඇහැලියගොඩ,අමරසිරි පීරිස් ,නොදනී,නොදනී,පැරණි පොප්,"මේ ප්‍රේමයද
ප්‍රේමයේ සිපිරි ගෙදරද //

අහිමි වීමන්‌ බියන්‌ කැටිකොට
තනා  සිපිරි ගෙයක්‌.
සිරකලා  මා //
ප්‍රේමයෙන්‌ උමතු ළඳක්‌.

මේ ප්‍රේමය ද

රනලියෙවි දිසි රුසිරු අහනන්‌
දකින මා දෙනුවන්‌.
අඳ කරයිදෝ //
ප්‍රේමයෙන්‌ උමතු ළඳක්‌.

මේ ප්‍රේමය ද //",ප්‍රේමයේ සිපිරි ගෙදර,සිර ගෙය,ප්‍රේමය ,අසුන්දර ප්‍රේමය ,
නියගයට පසු වට,සරත් පීරිස් ,ජයන්ත ජෝතිරත්න,අමරසිරි පීරිස් ,නොදනී,2014,සම්භාව්ය,"නියගයට පසු වට මහා වැස්සකි නුඹ
තනිකමේ රුදු නියගයෙන්‌ මා දැවෙද්දී

වැවේ පතුලෙන්‌ නැගෙන සුසුමන්‌
වේදනා දුක නිවා.
ස්නේහයේ වැසි බිංදු අරගෙන නුඹ ඇවිත්‌
නෙළුම්‌ පිපුණා  හිත පුරා.
සරැලි නැගුවා  නෙතු පුරා.

දුකෙන්‌ තැවෙනා  වියළි තුරු පත්‌
වේදනා  දුක නිවා.
ස්නේහයේ වැසි බිංදු අරගෙන නුඹ ඇවිත්‌
කුසුම් පිපුන හිත පුරා 
ලදලු නැටුවා නෙතු පුරා ",තනිකමේ රුදු නියගයෙන්‌,භයානක නියගය,තනිකම,අසහනකාරී තනිකම,
නියගයට පසු වට,සරත් පීරිස් ,ජයන්ත ජෝතිරත්න,අමරසිරි පීරිස් ,නොදනී,2014,සම්භාව්ය,"නියගයට පසු වට මහා වැස්සකි නුඹ
තනිකමේ රුදු නියගයෙන්‌ මා දැවෙද්දී

වැවේ පතුලෙන්‌ නැගෙන සුසුමන්‌
වේදනා දුක නිවා.
ස්නේහයේ වැසි බිංදු අරගෙන නුඹ ඇවිත්‌
නෙළුම්‌ පිපුණා  හිත පුරා.
සරැලි නැගුවා  නෙතු පුරා.

දුකෙන්‌ තැවෙනා  වියළි තුරු පත්‌
වේදනා  දුක නිවා.
ස්නේහයේ වැසි බිංදු අරගෙන නුඹ ඇවිත්‌
කුසුම් පිපුන හිත පුරා 
ලදලු නැටුවා නෙතු පුරා ",ස්නේහයේ වැසි බිංදු,වැහි බින්දු,සෙනෙහස ,වැහි බින්දු වගේ ඇදහැළුණු සෙනෙහස ,
රාත්‍රිය සිරගෙයක්,දර්ශන රුවන් ,රජී වසන්ත වෙල්ගම,අමරසිරි පීරිස් ,ගඟ ගලා  යාදෙන්,2011,පැරණි පොප්,"රාත්රිය සිරගෙයක්
අන්ධකාරය රුදුරු දඩුවමක්
ප්රේමයේ වරද කළ
පරාජිත පෙම්වතුනි
නුඹලාට රාත්රිය සිරගෙයක්

අන්ධකාරය රුදුරු දඩුවමක්
අන්ධකාරය රුදුරු දඩුවමක්

නින්ද විඳි කෙනෙක් නම් ඔබ
දැකිය යුතුම වේ සිහිනයක්
ආදරය කළා නම්
පහන් කළ යුතුය
නිදි නැති රැයක්

හදවතක්
තිබුණි නම්
තිබිය යුතුවේ
ඔබට ප්රේමයක්
ප්රේමයක් තිබුණු තැන
සැඟව ඇති
සදාතන ශෝකයක්

රාත්‍රිය සිරගෙයක්අන්ධකාරය රුදුරු දඩුවමක්",රාත්‍රිය සිරගෙයක්,සිරගෙය,රාත්‍රිය,කරුවල රාත්‍රිය,
මගේ පුංචි රෝස මලේ,ඩැනිස්ටර් පෙරේරා ,ධම්මික බණ්ඩාර ,අමරසිරි පීරිස් ,සඳුද අවදියෙන්,1995,පැරණි පොප්,"මගේ පුංචි රෝස මලේ
මමයි නුඹේ වියපත් බඹරා
නුඹ හීනෙන්වත් නොදකින කුමරා...
නුඹ හීනෙන්වත් නොදකින කුමරා...


කලුවර රෑ හඳක්‌ වගේ
අහසේ නුඹ ඉන්නව නම්
ආසයි මම නොකී කවිය නුඹට කියන්න
තරහක්‌ නෑ නුඹ බැස යන්න...

මගේ පුංචි රෝස මලේ...

මගේ පුංචි නවාතැනේ
ඇවිදින් සැරි සරනව නම් 
ආසයි මං කවුළු පියන් ඇරලා තියන්න
තරහක්‌ නෑ නෑවිත් ඉන්න...

මගේ පුංචි රෝස මලේ...",රෝස මලේ,රෝස මල,කාන්තාව,කාන්තාව ලස්සනයි ,
සක්මන්‌ සඳ ඉක්මන්‌ කර,ශාන්ත ජයලත් තිසේරා ,ශාන්ත ජයලත් තිසේරා ,අමරසිරි පීරිස් ,නොදනී,2012,පැරණි පොප්,"සක්මන්‌ සඳ ඉක්මන්‌ කර පෝය දාට එයි
ගොම්මන්‌ හිත පහන්‌ එළිය පිළිබඳ සිතමයි
ළං වෙන්නට විදියක්‌ නෑ හිතෙන්‌ විතරමයි
සුවඳක්‌ මිස ඔබ ළඟ නෑ හීනයක්‌ වගෙයි ...//7/

නින්දයාය පුරා දුවන කන්දෙ හෙවණැලි
දුවනවා වගෙයි නුඹ ගැන මගේ සිතිවිලි ...///
නාන තොටේ නුඹගේ මැණික් දෑස මුණ ගැසෙයි
යන්න බයයි ඒ දණ්ඩෙන්‌ හිතත්‌ කලබලයි

සක්මන්‌ සඳ ඉක්මන්‌ කර පෝය දාට එයි.....

බිංදු පොදට පිල්කඩේට මං දුව එන්නම්‌
පිල්කඩේ ටිකක්‌ ඉඳලා ඇතුළට එන්නම්‌ ...///
සද්ද නොකර හිටියෝතින්‌ ඉද්ද ගැසූ මෙන්‌
දෙතොලේ සුසුමක්‌ තියලා ආපහු යන්නම්‌

සක්මන්‌ සඳ ඉක්මන්‌ කර පෝය දාට එයි",මැණික් දෑස,මැණික් ,දෑස,දිලිසෙන දෑස,
සල් සමන් සුගන්ධිනී,උපාලි ද සිල්වා ,හේමසිරි ගුණතුංග ,අමරසිරි පීරිස් ,ස්නේහ නගරයයි,2001,පැරණි පොප්,"සල් සමන් සුගන්ධිනී වසන්ත විල් තෙරේ...

මල් තරංගයක් වෙමී ඔබේ නුවන් දොලේ..
සල් සමන් සුගන්ධිනී වසන්ත විල් තෙරේ...
මල් තරංගයක් වෙමී ඔබේ නුවන් දොලේ..


මා පැතුම් ගෙනා...රෑ පහන් වුණා..

මල් මණා ලියයි උදෑසනේ...
ස්නේහයේ රුවන්...දැල් වුණා පහන්...
රොන් සොයා වඩින්න පා සෙනේ...


රෑ සඳේ සිනා...තුෂාරයෙන් ගෙනා...

ආදරේ රිදී කලාලයේ...
මන්ද හාසයෙන්..පීදුණා ලවන්..
පා තබා වඩින්න පා සෙනේ...

සල් සමන් සුගන්ධිනී..වසන්ත විල් තෙරේ
මල් තරංගයක් වෙමී..ඔබේ නුවන් දොලේ",ස්නේහයේ රුවන්,මැණික්,සෙනෙහස,වටිනා  සෙනෙහස,
සැලෙන දිවි මග නොසැලෙනා  සිත,රෝහණ වීරසිංහ ,නොදනී,අමරසිරි පීරිස් ,සඳළුතලය (ටෙලිනාටකය),1991,සම්භාව්ය,"සැලෙන දිවි මග නොසැලෙනා සිත
සුතන බර හිස උසුලනා

සිහින පොදියකි ජීවිනේ
සඳළනලයට ලසුලනා

නිබඳ දළ රළ නැගෙන දියඹක
පහුර පැද යන තනි සිතින්‌
දිරිය මව නම්‌ ලබන්න්‌ පුර වීරිය පාරමි

ගැටලු සැඩ නල වදිත දසනින්‌
දෙදෙරවා ගිහිගෙය බැඳුම්‌
මහා මෙරක්‌ සේ නැගෙන්නි
දරා මිහිකත සේ තැවුල්‌

මවක්‌ විණි නම්‌ මෙවන්‌ පුතෙකුට
ඔහු දිනුයේ චෙයි

ළඳක්‌ විණි නම්‌ මෙවන්‌ සැමියෙකු
ඔහු ද දිනුයේ වෙයි",ගැටලු සැඩ නල,සැඩ නල,ගැටළු,කරදරකාරී ගැටළු,
බුදු සිහිල ගලාලා,සේන වීරසේකර ,සෙන වීරසේකර,අමරසිරි පීරිස් ,නොදනී,2008,බෞද්ධ ගීත,"බුදු සිහිල ගලාලා
ලොව නොමිනිස්කම් දුරු වේවා

මහ කරුණා දිය ගැඹරේ
මෙත් මුදිතා නල රැල්ලේ
නිවන් මගට සැනසිල්ලේ
එනමුදු ලොව ඝණ අඳුරේ

සිරි පතුලේ පහස වැදේ
දළඳා හිමි රැස් විහිදේ
බුදු බණ හඬ ලොව පැතිරේ
මිනිසත්කම තව නින්දේ",මහ කරුණා දිය ගැඹරේ,දිය ගැඹර,මහා කරුණාව ,විශාල මහා කරුණාව ,
එපා  මීවිත,අමරසිරි පීරිස් ,ධම්මික බණ්ඩාර ,අමරසිරි පීරිස් ,නොදනී,නොදනී,පැරණි පොප්,"එපා  මීවිත මගේ මුවගට //
ලයේ ඇවිගෙන අග්නි ජාලා
නිවන්නට බෑ  මීවිතෙන්‌ //

මතකයේ දස මාර සේනා
රුදුරු අවිගෙන වියරු වී
ලුුබඳියි මා ලුහුබඳියි
මීවිතෙන්‌ දිනු හැකිවේද

එපා  මීවිත මගේ

බිඳුණු ප්‍රේමය හිරු හතක වී 
ඉන්ද්රදිග නුඹගේම නැගේ 
දැවී අලුවෙඉ මගේ නිදහස 
මීවිතෙන් එය නිවනු හැකිවේද ",මතකයේ දස මාර සේනා,දස මාර සේනා,මතකය,කටුක අත්දැකීම්,
මග හැරියා නොවේ,සරත් ද අල්විස් ,කැලුම් ශ්‍රීමාල්,අමරසිරි පීරිස් ,නොදනී,2018,පැරණි පොප්,"මග හැරියා නොවේ
මග සැරුණේ ඇයිදැයි නොදනී 
නිම නොවෙනා ඔබේ ආදරේ
උණුෂුම්‌ සුවේ දිග හැරෙන හැඟුමන්‌ ගඟ මගේ
මග අහගෙන ඇවිඳින්‌ තුරුළු වී 
හද පුරා විඳි ඔබේ ආදරේ සොඳුරියේ

සඳ එළියෙන්‌ තෙමුණු වනේ.
දත්තත්‌ ගෙන යනෙන දිනේ
අද වේ යැයි නෑ හැඟුනේ 
අදහන්නට බෑ බිඳුනේ 
සත්තයි මගේ විහඟියේ 
සියෝ ළඟ කැළඹෙයි 
ඔබේ ආදරෙන් සොඳුරියේ 

රළ පෙරලෙන දැඟලිල්ලේ 
රහු විඳිනා වෙරල ලෙසේ 
ඔබගෙන් මා ලද සහනේ 
සිහිනෙකවත් නෑ තිබුනේ 
සත්තයි සුසුම් සුවඳියේ භව දුක දුරු වේ 
ඔබේ ආදරෙන්‌ සොඳුරියේ.",විහඟියේ ඔබේ,කිරිල්ලිය ,කාන්තාව ,සුන්දර කාන්තාව ,
මග හැරියා නොවේ,සරත් ද අල්විස් ,කැලුම් ශ්‍රීමාල්,අමරසිරි පීරිස් ,නොදනී,2018,පැරණි පොප්,"මග හැරියා නොවේ
මග සැරුණේ ඇයිදැයි නොදනී 
නිම නොවෙනා ඔබේ ආදරේ
උණුෂුම්‌ සුවේ දිග හැරෙන හැඟුමන්‌ ගඟ මගේ
මග අහගෙන ඇවිඳින්‌ තුරුළු වී 
හද පුරා විඳි ඔබේ ආදරේ සොඳුරියේ

සඳ එළියෙන්‌ තෙමුණු වනේ.
දත්තත්‌ ගෙන යනෙන දිනේ
අද වේ යැයි නෑ හැඟුනේ 
අදහන්නට බෑ බිඳුනේ 
සත්තයි මගේ විහඟියේ 
සියෝ ළඟ කැළඹෙයි 
ඔබේ ආදරෙන් සොඳුරියේ 

රළ පෙරලෙන දැඟලිල්ලේ 
රහු විඳිනා වෙරල ලෙසේ 
ඔබගෙන් මා ලද සහනේ 
සිහිනෙකවත් නෑ තිබුනේ 
සත්තයි සුසුම් සුවඳියේ භව දුක දුරු වේ 
ඔබේ ආදරෙන්‌ සොඳුරියේ.",හැඟුමන්‌ ගඟ,ගංගාව ,හැඟීම්,දිග හැඟීම්,
ඇය යන්න ගියා  මැකිලා,ජයවර්දන එච්. එම්.,සුනිල් සරත් පෙරේරා ,අමරසිරි පීරිස් , ස්නේහ නගරයයි,2001,සම්භාව්ය,"ඇය යන්න ගියා මැකිලා
වන සිරසක තුරු සෙවනැලි අතරෙ
ගී ගයමින් හිඳ මා තුරුලේ
ඇය යන්න ගියා මැකිලා
ඇය යන්න ගියා මැකිලා
පිණි කඳුලක් මල් පෙති අග තවරා
මිහිදුම් සළුවෙන් මුහුණ වසා
නිල්ල නෙලන නිල් කඳු වැටි අතරේ
සඳ එළියේ මන්පෙත පා... දා...
රහසක් සඟවා
ගොලු වූ හදකින්
යන්න ගියා මැකිලා
ඇය යන්න ගියා මැකිලා
වන සිරසක තුරු සෙවනැලි අතරෙ
ගී ගයමින් හිඳ මා තුරුලේ
ඇය යන්න ගියා මැකිලා
ඇය යන්න ගියා මැකිලා
පිණි කඳුලක් මල් පෙති අග තවරා
මිහිදුම් සළුවෙන් මුහුණ වසා
යළි කවදාවත් හමු නොවනා බව
මද පවනක් හිස අත ගා කීවද
අදහා ගන්නට නොහැකිය කිසි දින
ඇය යළි නොඑතැයි ගිම්හානෙට පෙර
යන්න ගියා මැකිලා
වන සිරසක තුරු සෙවනැලි අතරෙ
ගී ගයමින් හිඳ මා තුරුලේ
ඇය යන්න ගියා මැකිලා
ඇය යන්න ගියා මැකිලා
පිණි කඳුලක් මල් පෙති අග තවරා
මිහිදුම් සළුවෙන් මුහුණ වසා",මිහිදුම් සළුවෙන්,මීදුම ,වස්ත්‍රය,සුදු වස්ත්‍රය,
ඇය යන්න ගියා  මැකිලා,ජයවර්දන එච්. එම්.,සුනිල් සරත් පෙරේරා ,අමරසිරි පීරිස් , ස්නේහ නගරයයි,2001,සම්භාව්ය,"ඇය යන්න ගියා මැකිලා
වන සිරසක තුරු සෙවනැලි අතරෙ
ගී ගයමින් හිඳ මා තුරුලේ
ඇය යන්න ගියා මැකිලා
ඇය යන්න ගියා මැකිලා
පිණි කඳුලක් මල් පෙති අග තවරා
මිහිදුම් සළුවෙන් මුහුණ වසා
නිල්ල නෙලන නිල් කඳු වැටි අතරේ
සඳ එළියේ මන්පෙත පා... දා...
රහසක් සඟවා
ගොලු වූ හදකින්
යන්න ගියා මැකිලා
ඇය යන්න ගියා මැකිලා
වන සිරසක තුරු සෙවනැලි අතරෙ
ගී ගයමින් හිඳ මා තුරුලේ
ඇය යන්න ගියා මැකිලා
ඇය යන්න ගියා මැකිලා
පිණි කඳුලක් මල් පෙති අග තවරා
මිහිදුම් සළුවෙන් මුහුණ වසා
යළි කවදාවත් හමු නොවනා බව
මද පවනක් හිස අත ගා කීවද
අදහා ගන්නට නොහැකිය කිසි දින
ඇය යළි නොඑතැයි ගිම්හානෙට පෙර
යන්න ගියා මැකිලා
වන සිරසක තුරු සෙවනැලි අතරෙ
ගී ගයමින් හිඳ මා තුරුලේ
ඇය යන්න ගියා මැකිලා
ඇය යන්න ගියා මැකිලා
පිණි කඳුලක් මල් පෙති අග තවරා
මිහිදුම් සළුවෙන් මුහුණ වසා",පිණි කඳුලක්,පිණි බින්දුව,කඳුල ,කුඩා  කඳුල ,
චණ්ඩ හිරු රැස්‌,අමරසිරි පීරිස් ,ප්‍රභාත් හෙට්ටිආරච්චි,අමරසිරි පීරිස් ,නොදනී,නොදනී,පැරණි පොප්,"චණ්ඩ හිරු රැස්‌
අවුලවයි කොන්ක්රීට්‌ නගරය
රන්‌ ලොවකට පාර පෙන්නයි
දසත නැගෙනා විෂ දුමාරය
තාත්තේ මම ගමට එනවා
කටු ඔටුන්නෙන්‌ මුදා ගෙන හිස

නින්ද අවුරාකනට කොදුරා රැය පුරා
මදුරු සේනා ගයති මළ පොත
මේ දකින්නෙත ගමේ සඳමයි
නමුත්‌ සඳ රැස්‌ දවයි මුඵ ගත

මෙපුර හැරලා ගමට වැඩලා වැහි වළා
ජල සලාකය වඩයි සරනැස

තාත්තේ මම ගමට එනවා

කටු ඔටුන්නෙන්‌ මුදා ගෙන හිස",කටු ඔටුන්නෙන්‌,කටු,ඔටුන්න,කර්කශයි ඔටුන්න,
ආදරයේ උණුසුම් සුසුම්,අමරසිරි පීරිස් ,නිලාර් එන්. කාසිම්,අමරසිරි පීරිස් ,සඳුද අවදියෙන්,1995,පැරණි පොප්,"ආදරයේ උණුසුම් සුසුම් සුවඳද මෙතරම්
එහෙනම් සැලමුදු පෙම තුළ නිසසල වී ලොව නවතීවා සැනකින්
ආදරයේ උණුසුම් සුසුම් සුවඳද මෙතරම්

දේදුණු  දෙබැමින් ඉඟිකරමින් හිනහෙන විට අනේ ළෙංගතු දැයි කෙතරම්
බිළිඳකු සේ ළමැදේ ගුලි වූ විටක ලොබින් සත්තයි ඒ හැඩි දැඩි නුඹ නේද සිතෙයි

ආදරයේ උණුසුම් සුසුම් සුවඳද මෙතරම්
එහෙනම් සැලමුදු පෙම තුළ නිසසල වී ලොව නවතීවා සැනකින්
ආදරයේ උණුසුම් සුසුම් සුවඳද මෙතරම්

සීතල දෙතොළින් සිසිලසකින් මුමුණන විට අනේ හීනෙන් දැයි නෑ‍ඟෙයි
හාදු මතින් නළලේ උණුසුම් තිලක තියා  පිදුවේ ඒ නුඹගේ සෙවනැල්ල තමයි

ආදරයේ උණුසුම් සුසුම් සුවඳද මෙතරම්
එහෙනම් සැලමුදු පෙම තුළ නිසසල වී ලොව නවතීවා සැනකින්
ආදරයේ උණුසුම් සුසුම් සුවඳද මෙතරම්",දේදුණු  දෙබැමින්,දේදුන්න ,ඇස් බැමි , දිග ඇස් බැමි ,
දෙඅදර විලිකුන් සුරත් පලේ,වික්ටර් රත්නායක ,ධර්මවර්ධන කේ. ඩී. කේ. , මිල්ටන් මල්ලවාරච්චි ,රන් හිරු ,1969,"රන්වන් පැරණි, ඉල්ලීම","දෙඅදර විලිකුන් සුරත් පලේ

පෙම් මදිරා අයැදිමින් සැලේ
සීත මීදුම් සිහින වැල් පැටලේ...
සීත මීදුම් සිහින වැල් පැටලේ...

දෙඅදර විලිකුන් සුරත් පලේ
පෙම් මදිරා අයැදිමින් සැලේ
සීත මීදුම් සිහින වැල් පැටලේ...
සීත මීදුම් සිහින වැල් පැටලේ...

මුවරද රොන්සුණු සුවඳ විතේ

පෙම් මදිරා අයැදිමින් යතේ
නිලුපුල් නෙත් රත් තඹුරු විතේ
කැඳවයි ඔබ තව්තිසා වෙතේ
සීත මීදුම් සිහිනයක් වාගේ

දෙඅදර විලිකුන් සුරත් පලේ

පෙම් මදිරා අයැදිමින් සැලේ
සීත මීදුම් සිහින වැල් පැටලේ...
සීත මීදුම් සිහින වැල් පැටලේ...

මධුවිත සැණෙකින් හිස් වෙනවා
දිවි තවලම කතරක යනවා
යෞවන බව හෙට නැති වෙනවා
කල් බැලු අය ඉඳ ලතවෙනවා
ජීවිතේ... පිනි බිංදුවක්... වාගේ...

දෙඅදර විලිකුන් සුරත් පලේ

පෙම් මදිරා අයැදිමින් සැලේ
සීත මීදුම් සිහින වැල් පැටලේ...
සීත මීදුම් සිහින වැල් පැටලේ...

දෙඅදර විලිකුන් සුරත් පලේ
පෙම් මදිරා අයැදිමින් සැලේ
සීත මීදුම් සිහින වැල් පැටලේ...
සීත මීදුම් සිහින වැල් පැටලේ...
සීත මීදුම් සිහින වැල් පැටලේ...",නිලුපුල් නෙත්,නිල් උපුල් මල ,ඇස් ,ලස්සන ඇස් , 
පැරදීලා පලා ගියේ නෑ,පැට්‍රික් දෙනිපිටිය ,ධර්මවර්ධන කේ. ඩී. කේ. , මිල්ටන් මල්ලවාරච්චි ,රන් හිරු ,1969,පැරණි පොප්,"පැරදීලා පලා ගියේ නෑ
රැවටීලා හඩා වැටී නෑ
පිටු පාලා සොවේ හෙලා නෑ
මා කවදාවත් වෙනස් උනේ නෑ...//

දුක සන්කා හැර විගසේ
සැනසීලා ඉනු නොලසේ
ලයෙහී රන් ගිරි සිරසේ
රැදෙමී මා විත් වළාකුලක් සේ

පැරදීලා පලා ගියේ නෑ..

රන් කාසී කොහෙන් ගෙනෙම්දෝ
රන් මාළා කෙසේ සොයම්දෝ
හිස් දෑතින් කෙසේ එමීදෝ
මා එනතුරු ඔබ බලා ඉදීදෝ..

පැරදීලා පලා ගියේ නෑ...",ලයෙහී රන් ගිරි සිරසේ,කඳු මුදුන,හදවත ,හදවතේ උසස් ස්ථානය,
දිනෙක රන් සළු පලඳා,වික්ටර් රත්නායක ,ප්‍රේමකීර්ති ද අල්විස්, මිල්ටන් මල්ලවාරච්චි ,පියාපත් සලා ,1968,පැරණි පොප්,"දිනෙක රන් සළු පලඳා සඳ නැගි මේලාවෙන්

පැමිණ ඔබ ගෙන යමි කුමරියේ පෙම් දොලාවෙන්

දිනෙක රන් සළු පලඳා සඳ නැගි මේලාවෙන්
පැමිණ ඔබ ගෙන යමි කුමරියේ පෙම් දොලාවෙන්
ඇසුරැ කල කම්පන හා සැනසිලි පස මිතුරැ

ගෙවුණු යෞවන විය තනි නොතනියෙ උන් අයුරැ
නැවත නොලිහෙන ලෙස රැහැනින් බැඳ දා පවුරැ
සතුට ගෙන දිය හැකි ඔබ හැර ඇතිදො කවුරැ


දිනෙක රන් සළු පලඳා සඳ නැගි මේලාවෙන්
පැමිණ ඔබ ගෙන යමි කුමරියේ පෙම් දොලාවෙන්
වියළි මග මහ වැලි කාන්තාර පසු කරවා

පවස සන්සිඳවන ලෙස දිය උල්පත් අරවා
පරව ගිලිහෙන තුරැ සියොළඟ කළු සළු පොරවා
ඔබය දිය යුතු හිස්වන විට දිවි විත පුරවා


දිනෙක රන් සළු පලඳා සඳ නැගි මේලාවෙන්
පැමිණ ඔබ ගෙන යමි කුමරියේ පෙම් දොලාවෙන්

දිනෙක රන් සළු පලඳා සඳ නැගි මේලාවෙන්
පැමිණ ඔබ ගෙන යමි කුමරියේ පෙම් දොලාවෙන්",කම්පන හා සැනසිලි පස මිතුරැ,පසමිතුරන් ,කම්පන සහ සැනසිලි ,කම්පන සහ සැනසිලි වගේ විරුද්ධ දේවල් ,
එදා කීවෙ නෑ ඔයානම්,ලාල් තේනබදු ,වර්නන් පෙරේරා , මිල්ටන් මල්ලවාරච්චි ,රන් හිරු ,1969,පැරණි පොප්,"එදා කීවෙ නෑ ඔයානම් තරහයි කියා
අදත් ඒ නිසා ආවේ නැවතත් සොයා
එදා කීවෙ නෑ ................

සැනසුම් වදන් ඔය මුවින් කීවෙ නෑ
වෙනදා වගේ මල් සිනා පෑවෙ නෑ පෑවෙ නෑ
එදා කීවෙ නෑ ................

නිලුපුල් නෙතින් ආදරේ කීවෙ නෑ
සුරතේ වෙලී ලං වෙලා උන්නෙ නෑ උන්නෙ නෑ
එදා කීවෙ නෑ ................//",නිලුපුල් නෙතින්,නිල් උපුල් මල,ඇස්,ලස්සන ඇස්,
එදා කීවෙ නෑ ඔයානම්,ලාල් තේනබදු ,වර්නන් පෙරේරා , මිල්ටන් මල්ලවාරච්චි ,රන් හිරු ,1969,පැරණි පොප්,"එදා කීවෙ නෑ ඔයානම් තරහයි කියා
අදත් ඒ නිසා ආවේ නැවතත් සොයා
එදා කීවෙ නෑ ................

සැනසුම් වදන් ඔය මුවින් කීවෙ නෑ
වෙනදා වගේ මල් සිනා පෑවෙ නෑ පෑවෙ නෑ
එදා කීවෙ නෑ ................

නිලුපුල් නෙතින් ආදරේ කීවෙ නෑ
සුරතේ වෙලී ලං වෙලා උන්නෙ නෑ උන්නෙ නෑ
එදා කීවෙ නෑ ................//",මල් සිනා ,මල්,සිනහව ,ලස්සන සිනහව ,
ගමනේ ගිම් නිවූ එදා ,රොක්සාමි එම්. කේ.,කරුණාරත්න අබේසේකර, මිල්ටන් මල්ලවාරච්චි ,පියාපත් සලා ,1968,පැරණි පොප්,"ගමනේ ගිම් නිවූ එදා සැනසුම් පවන් සලා
ඔබ මා දවයි දිවා රෑ හද සෝ සුසුම් හෙලා

මතකේ තිබේද ඒ යුගේ මාගෙ චේතනා
වැටහෙන්නෙ දැන්ද ආදරේ සෝක වේදනා
ඝන අන්ධකාරයේ පාළුවේ කිමිදුනා
තනිවූයෙ ඹබ නොවේ මා පවා තනිවුණා
ගමනේ ගිම් නිවූ එදා 

ඹබ මංමුලා වෙලා ගියා පෙම් පහන් නිවා
අහිතක් හිතන්නෙ නෑ ප්‍රියේ සිහිනෙකින් පවා
අද ඹබගෙ ජීවිතේ කතරකී වාලුකා
හිනැහෙන්න යලි දිලෙයි දෛවයේ තාරකා
ගමනේ ගිම් නිවූ එදා",ජීවිතේ කතරකී වාලුකා,වැලි කාන්තාරය ,ජීවිතය ,කර්කශ ජීවිතය ,
හද පතුලේ,ස්ටැන්ලි පීරිස් ,ධර්මවර්ධන කේ. ඩී. කේ. , මිල්ටන් මල්ලවාරච්චි ,නොදනී,නොදනී,පැරණි පොප්,"හද පතුලේ
හසරැල්ල කඳුලැල්ල කැළඹිල්ල මා නම් ඔබේ
දිවි කතරේ
ගඟුලැල්ල නලරැල්ල සැනසිල්ල වෙන්නම් ඔබේ

මුසාවන් ගොතා අනුන් කී කතා
නොමැකී තිබේදෝ සිතේ
අතීතේ කතා එපා දැන් එපා
මා දැන් ඔබේ ජීවිතේ
හද පතුලේ ...................

අපේ ආදරේ බිඳී යා නොහේ
හිනැහෙන්න පියුමී මගේ
පැතූ සේ සදා ඔබේ මා ඔබේ
නැළවෙන්න පියුමී මගේ
හද පතුලේ",දිවි කතරේ,කාන්තාරය ,ජීවිතය ,කර්කශ ජීවිතය ,
හෙමින් සැරේ පා නඟනා,ක්ලැරන්ස් විජේවර්දන ,ප්‍රේමකීර්ති ද අල්විස්, මිල්ටන් මල්ලවාරච්චි ,නොදනී,නොදනී,පැරණි පොප්,"හෙමින් සැරේ පා නඟනා දුවේ හර්ෂනී
සිනාසිසී දඟ කරනා දුවේ හර්ෂනී 
දුවේ හර්ෂනී

ජීවිතයේ මාලිගාව සතුට තුරා දී මනාව
වාසනාව මට ගෙනාව කැකුළු සුවඳ කිරි සිනාව
මල් සුවඳයි පින් සුවඳයි
හෙමින් සැරේ පා නඟනා දුවේ හර්ෂනී 
දුවේ හර්ෂනී

රෝස මලක පාට ගෑව ආකාසේ හැන්දෑවක
ඈත ඇදෙන කුරුළු රෑන ගයන ගීත ඉල්ලා ගෙන
මුමණන්නම් නළවන්නම්
හෙමින් සැරේ",ජීවිතයේ මාලිගාව,මාලිගාව ,ජීවිතය ,විශාල,
කලක් ඇවෑමෙන් පෙරුම් පුරා,ක්ලැරන්ස් විජේවර්දන ,ධර්මසිරි ගමගේ," මිල්ටන් මල්ලවාරච්චි, ඇන්ජලීන් ගුණතිලක ",අපේක්ෂා (සිංහල චිත්‍රපටය),1978,"යුග ගී, චිත්රපට ගීත, පැරණි පොප්","
කලක් ඇවෑමෙන් පෙරුම් පුරා

සැසෙදෙන පිවිතුරු සිතක් සොයා
සසර ගෙවා ආ පැතුම් පුරාගෙන
ඔබ හමුවී නව කෙනෙක් වුණා

කලක් ඇවෑමෙන් පෙරුම් පුරා
මා සිටියා මඟ දෙනෙත් අයා
සිහින විමානෙන් ඔබ ඇවිදින් අද
මා හදවත මල් ලොවක් කළා

ජීවිතයක සෙනෙහස බැඳිලා
ආදරයක සෙවණැලි අතුරා

මා හදවත විසිතුරු කරලා

ඇඳි සිතුවම් නොමයයි මැකිලා

කලක් ඇවෑමෙන් පෙරුම් පුරා

සැසෙදෙන පිවිතුරු සිතක් සොයා
සසර ගෙවා ආ පැතුම් පුරාගෙන
ඔබ හමුවී නව කෙනෙක් වුණා

ආදර දෙවොලේ සීනු හඞින්
මා සිත ඔබ වෙත කැදවනවා

සීතල මීදුම් සේල ඉරා

ගත දවටාගෙන මම එනවා

කලක් ඇවෑමෙන් පෙරුම් පුරා

මා සිටියා මඟ දෙනෙත් අයා
සිහින විමානෙන් ඔබ ඇවිදින් අද
මා හදවත මල් ලොවක් කළා",ආදර දෙවොලේ,දේවාලය,ආදරය  ,ආදරය භක්තිමත් දෙයක්,
කලක් ඇවෑමෙන් පෙරුම් පුරා,ක්ලැරන්ස් විජේවර්දන ,ධර්මසිරි ගමගේ," මිල්ටන් මල්ලවාරච්චි, ඇන්ජලීන් ගුණතිලක ",අපේක්ෂා (සිංහල චිත්‍රපටය),1978,"යුග ගී, චිත්රපට ගීත, පැරණි පොප්","
කලක් ඇවෑමෙන් පෙරුම් පුරා

සැසෙදෙන පිවිතුරු සිතක් සොයා
සසර ගෙවා ආ පැතුම් පුරාගෙන
ඔබ හමුවී නව කෙනෙක් වුණා

කලක් ඇවෑමෙන් පෙරුම් පුරා
මා සිටියා මඟ දෙනෙත් අයා
සිහින විමානෙන් ඔබ ඇවිදින් අද
මා හදවත මල් ලොවක් කළා

ජීවිතයක සෙනෙහස බැඳිලා
ආදරයක සෙවණැලි අතුරා

මා හදවත විසිතුරු කරලා

ඇඳි සිතුවම් නොමයයි මැකිලා

කලක් ඇවෑමෙන් පෙරුම් පුරා

සැසෙදෙන පිවිතුරු සිතක් සොයා
සසර ගෙවා ආ පැතුම් පුරාගෙන
ඔබ හමුවී නව කෙනෙක් වුණා

ආදර දෙවොලේ සීනු හඞින්
මා සිත ඔබ වෙත කැදවනවා

සීතල මීදුම් සේල ඉරා

ගත දවටාගෙන මම එනවා

කලක් ඇවෑමෙන් පෙරුම් පුරා

මා සිටියා මඟ දෙනෙත් අයා
සිහින විමානෙන් ඔබ ඇවිදින් අද
මා හදවත මල් ලොවක් කළා",මීදුම් සේල,මීදුම,සළුව ,සුදු සළුව ,
මා නෙත් කැදැල්ලේ,වික්ටර් රත්නායක ,කරුණාරත්න අබේසේකර, මිල්ටන් මල්ලවාරච්චි,පියාපත් සලා ,1968,පැරණි පොප්,"මා නෙත් කැදැල්ලේ සැතපීලා නිදැල්ලේ
දැවටී රන්දැලේ හද පුරා සැනසිලා
ආයෙත් ඉගිල්ලී පියඹාලා පිපාසෙන්
නොසරා මල් කැලේ රොන් සොයාලා //

බඹර තුඩු ගා නැතී කුමුදු මලකින් පෙතී
ගෙනෙමි දුර ඈත විලකින් බලා..//
ඒ මැද ඔබෙ යහන සාදන්නෙ නාදල්ලෙනී
සුවඳ උලා

අරුණ පිනි බිංදුවයි පියුමෙ මකරන්දයයි
පොවමි මේකුළක කලතා නිවා
ඉන් මතු කිසිදාක යන්නෙහිද හද රන් ලෙනේ
පහන නිවා",හද රන් ලෙනේ,රත්තරන් ගබඩාව ,හදවත ,වටිනා  හදවත ,
මදු මල ලෙස,රොක්සාමි එම්. කේ.,කරුණාරත්න අබේසේකර, මිල්ටන් මල්ලවාරච්චි,මිල්ටන් ප්‍රණාම ,1997,පැරණි පොප්,"මදු මල ලෙස මෘදු මාගේ ප්රියාදර මිහිරාවිය වෙතටයි
ඔබ සිහි කර කර ඔබට ලියන එක මට ඇති එක සතුටයි
අපමන සිතුවිලි බිහිවි තෙරපිලි එකිනෙක පැටලෙන්නේ
කොහොම පටන්ගෙන මොනව ලියන්නද නැත මට වැටහෙන්නේ
කෙටියෙන් පවසමි මගේ ආදරියේ කීමට ඇති සැමදේ
පරෙවි රැජිනියේ එදා වගෙ අදත් ඔබට තවම මම ආදරෙයි
ඔබට තවම මම ආදරෙයි
මදු මල ලෙස මෘදු මාගේ ප්රියාදර මිහිරාවිය වෙතටයි
ඔබ සිහි කර කර ඔබට ලියන එක මට ඇති එක සතුටයි
හිත ගොලු වෙනවා අත වෙව්ලනවා හදවත ගැස්සෙනවා
ලිපියෙහි කොලයට මුහුන යොමන කොට නෙත් දෙක පියවෙනවා
කෙටියෙන් පවසමි මගෙ ආදරියේ කීමට ඇති සැමදේ
පරෙවි රජිනියේ එදා වගේ අදත් ඔබට තවම මම ආදරෙයි
ඔබට තවම මම ආදරෙයි",පරෙවි රැජිනියේ,පරවි රැජින,පෙම්වතිය ,රැජිනක් වගේ උසස් පෙම්වතිය ,
මියුරු පෙම් මදිරාවේ,සරත් දසනායක ,කරුණාරත්න අබේසේකර, මිල්ටන් මල්ලවාරච්චි,සමනල රෑනක් සේ,2007,චිත්රපට ගීත,"මියුරු පෙම් මදිරාවේ
නුහුරු රස දැනුනාවේ
සත්සරේ... රැව් දිදී
පුරවන්න මා දෙසවන් මිහිරේ
දෙතොල් පෙති පුබුදාලා
පියුම් පැහැ විහිදාලා
දෙනෙතෙහී නිල්මිණී
ලෙළවන්න මා නලවා සොඳුරේ
මියුරු පෙම් මදිරාවේ
හසරැල් අමාදියේ, තිසරුන් තෙමී ගියේ
හසරැල් අමාදියේ, තිසරුන් තෙමී ගියේ
රන්වන් ලතාවෙන් ඉන්න ලංවී
සුදේහිනියේ දිවා රැයේ
මියුරු පෙම් මදිරාවේ
නුහුරු රස දැනුනාවේ
සත්සරේ... රැව් දිදී
පුරවන්න මා දෙසවන් මිහිරේ
මියුරු පෙම් මදිරාවේ
කඳු හෙල් මැදින් ඇදී, එමි ආදරේ සොයා
කඳු හෙල් මැදින් ඇදී, එමි ආදරේ සොයා
සිහිනෙන් පැතූ සේ වස්තුවක් දැන්
තියේ හිමිවී මගේ කියා
දෙතොල් පෙති පුබුදාලා
පියුම් පැහැ විහිදාලා
දෙනෙතෙහී නිල්මිණී
ලෙළවන්න මා නලවා සොඳුරේ
මියුරු පෙම් මදිරාවේ
නුහුරු රස දැනුනාවේ
සත්සරේ... රැව් දිදී
පුරවන්න මා දෙසවන් මිහිරේ
මියුරු පෙම් මදිරාවේ",දෙනෙතෙහී නිල්මිණී,නිල් මැණික් ,ඇස් දෙක ,දිලිසෙන ඇස් දෙක ,
මුව මදහාසේ සීපද රාවේ,සරත් දසනායක ,සෝමපාල ලීලානන්ද , මිල්ටන් මල්ලවාරච්චි,මිල්ටන් ප්‍රණාම ,1997,පැරණි පොප්,"මුව මදහාසේ සීපද රාවේ නිල් කෙතේ නිල් කෙතේ
මුව මදහාසේ සීපද රාවේ නිල් කෙතේ නිල් කෙතේ
මල් වැනි ලස්සන රන් වන් රූ සිරි ආලෝකේ
මල් වැහි වස්සන මේ වැනි ලස්සන නෑ ලෝකේ
(මව් බිමේ ජය ලබන්න දැන් එක් වෙයව් එක් වෙයව්)
මුව මදහාසේ සීපද රාවේ නිල් කෙතේ නිල් කෙතේ
මූණේ හසරැළි මුකුළු
දෑතේ දහඩිය පබුළු
ආදරයේ මල් කැකුළු
අද රන් කෙත මැද පීදී ඇතිලූ
මල් වැනි ලස්සන රන් වන් රූ සිරි ආලෝකේ
මල් වැහි වස්සන මේ වැනි ලස්සන නෑ ලෝකේ
(මව් බිමේ ජය ලබන්න දැන් එක් වෙයව් එක් වෙයව්)
මල් වැනි ලස්සන රන් වන් රූ සිරි ආලෝකේ
මල් වැහි වස්සන මේ වැනි ලස්සන නෑ ලෝකේ
මුව මදහාසේ සීපද රාවේ නිල් කෙතේ නිල් කෙතේ
ආසිරි සුළඟක වැදිලා
ආදර සුවඳක් දැනිලා
ජීවිතයම රසවත් වීලා
සුභ මංගල දවසක සිරි මැවිලා
මල් වැනි ලස්සන රන් වන් රූ සිරි ආලෝකේ
මල් වැහි වස්සන මේ වැනි ලස්සන නෑ ලෝකේ
(මව් බිමේ ජය ලබන්න දැන් එක් වෙයව් එක් වෙයව්
මල් වැනි ලස්සන රන් වන් රූ සිරි ආලෝකේ
මල් වැහි වස්සන මේ වැනි ලස්සන නෑ ලෝකේ)",දහඩිය පබුළු,පබළු ,දහදිය බින්දු ,කුඩා සහ දිලිසෙන දහදිය බින්දු ,
ඔබ ගාව මම ඉන්නෙමී,රූකාන්ත ගුණතිලක ,රූකාන්ත ගුණතිලක , මිල්ටන් මල්ලවාරච්චි,නොදනී,නොදනී,නව පොප්,"ඔබ ගාව මම ඉන්නෙමී

සුසුමන් වගේ යාවෙවී....
තනියේ තුරැල් වී මුමුණා සුපෙම් ගී
රෑ සීතලේ ලං වෙවී....
තරැමල් කඩා දෙන්නෙමී....
ඔබ ගාව මම ඉන්නෙමී
සුසුමන් වගේ යාවෙවී....
තනියේ තුරැල් වී මුමුණා සුපෙම් ගී
රෑ සීතලේ ලං වෙවී....
තරැමල් කඩා දෙන්නෙමී
මෙලෙසේ දිලෙන්නේ තරැසේ නිවෙන්නේ

ඔබගේ සිනා දෑස නේදෝ...
නොසැලී තියෙන්නේ සසැලී නොයන්නේ
ඔබගේ මගේ ස්නේහෙ නේදෝ....
හිත මාගෙ සනසන්නේ සරසන්නෙ ඔබමයි ළදේ
වෙන කවුරැවත් මාගෙ තුරැලේ නිදන්නෑ ළදේ
මතු ජීවිතේදී මෙලොවින් තුරන් වී

ගුවනේ පියාඹන්න වේවී....
අභ්යාවකාශේ ග්රහලෝක ගානේ
මිතුරන් සොයා යන්න වේවී....
ඒ කාලෙදිත් මා පතන්නේ ඔයාමයි ළදේ
දෙව් දූවරැන්ගෙන් අහන්නෙත් ඔයාවයි ළදේ...


ඔබ ගාව මම ඉන්නෙමී
සුසුමන් වගේ යාවෙවී....
තනියේ තුරැල් වී මුමුණා සුපෙම් ගී
රෑ සීතලේ ලං වෙවී....
තරැමල් කඩා දෙන්නෙමී....
ඔබ ගාව මම ඉන්නෙමී
සුසුමන් වගේ යාවෙවී....
තනියේ තුරැල් වී මුමුණා සුපෙම් ගී
රෑ සීතලේ ලං වෙවී....
තරැමල් කඩා දෙන්නෙමී",තරැමල්,මල්,තරු ,ලස්සන තරු ,
ඔබ වෙනුවෙන් මා ,සෝමපාල රත්නායක ,ධර්මවර්ධන කේ. ඩී. කේ. , මිල්ටන් මල්ලවාරච්චි,මිල්ටන් ප්‍රණාම ,1997,පැරණි පොප්,"ඔබ වෙනුවෙන් මා ගැයූ ගී පෙරදා
යළි ඔබ සවනේ නොරැඳී නොගැටී
සුළඟේ මිලින වුණාවේ
දවනු දැනේ සිසි කිරණ පවා
සිසිල නොදේ මඳ පවන පවා
දවනු දැනේ සිසි කිරණ පවා
සිසිල නොදේ මඳ පවන පවා
ඔබෙ මුව පියුමේ තොල් පෙති අතරේ
ඔහුගේ නම රැඳුණාවේ
ඔබ වෙනුවෙන් මා ගැයූ ගී පෙරදා
යළි ඔබ සවනේ නොරැඳී නොගැටී
සුළඟේ මිලින වුණාවේ
සුවඳ දැනේ ඔබෙ උදය හවා
කඳුළු නැගේ නෙත රැයද දිවා
සුවඳ දැනේ ඔබෙ උදය හවා
කඳුළු නැගේ නෙත රැයද දිවා
ඔබෙ මුව පියුමේ තොල් පෙති අතරේ
ඔහුගේ නම රැඳුණාවේ
ඔබ වෙනුවෙන් මා ගැයූ ගී පෙරදා
යළි ඔබ සවනේ නොරැඳී නොගැටී
සුළඟේ මිලින වුණාවේ",මුව පියුමේ,නෙලුම් මල ,මුඛය ,ලස්සන මුඛය ,
මලින් මලේ රොන් ගන්නා බඹරු බමන්නා,ක්ලැරන්ස් විජේවර්දන ,ධර්මවර්ධන කේ. ඩී. කේ. , මිල්ටන් මල්ලවාරච්චි,රන් හිරු ,1969,පැරණි පොප්,"මලින් මලේ රොන් ගන්නා බඹරු බමන්නා

රැළින් රැළේ මොනරුන් ඉඳ පිල් විහිදන්නා...
මලින් මලේ රොන් ගන්නා බඹරු බමන්නා
රැළින් රැළේ මොනරුන් ඉඳ පිල් විහිදන්නා..
බඹරු බමන්නා මොනරු රඟන්නා...
බඹරු බමන්නා මොනරු රඟන්නා...
වසන්තයේ නැවුම් දසුන් නුවන් බඳින්නා

හිතේ හැඟුම් සුරංගනා ලොවේ රැඳෙන්නා
චන්දන උයනේ නැවතී ගිමන් හරින්නා
සුර දැරියන් ළඟින් ඉඳන් පවන් සලන්නා
බඹරු බමන්නා මොනරු රඟන්නා...
බඹරු බමන්නා මොනරු රඟන්නා...
මලින් මලේ රොන් ගන්නා බඹරු බමන්නා
රැළින් රැළේ මොනරුන් ඉඳ පිල් විහිදන්නා...
බඹරු බමන්නා මොනරු රඟන්නා...
බඹරු බමන්නා මොනරු රඟන්නා...
නෙත්සර හෙළනා අප්සර මානවිකාවේ

මල් කුමරිය ඔබයි මගේ ප්‍රේම කථාවේ
මල්සර හී සැර මැද්දේ පැතුම් ගුලාවේ
යොවුන් මතින් සෙනේ කුසුම් සිනාසුණාවේ
බඹරු බමන්නා මොනරු රඟන්නා...
බඹරු බමන්නා මොනරු රඟන්නා...
මලින් මලේ රොන් ගන්නා බඹරු බමන්නා
රැළින් රැළේ මොනරුන් ඉඳ පිල් විහිදන්නා...
මලින් මලේ රොන් ගන්නා බඹරු බමන්නා
රැළින් රැළේ මොනරුන් ඉඳ පිල් විහිදන්නා...
බඹරු බමන්නා මොනරු රඟන්නා...",අප්සර මානවිකාවේ,දිව්‍ය අංගනාව ,පෙම්වතිය ,ඉතා  ලස්සන පෙම්වතිය ,
පායා ආ සඳ,රොක්සාමි එම්. කේ.,කරුණාරත්න අබේසේකර, මිල්ටන් මල්ලවාරච්චි,පියාපත් සලා ,1968,"රන් පොප්, ඉල්ලීම","පායා ආ සඳ අඳුරු වළාවෙන්
මා ඉදිරියෙදිම වැසුනා
සෝකය තාපය පාළුව අතරේ
ඉකිබිඳ හැඬුවා ඇසුණා
පායා ආ සඳ අඳුරු වළාවෙන්
මා ඉදිරියෙදිම වැසුනා
හද විමනේ බිතු සිතුවම්
කිලිටි කළේ ඔබෙ දෑතයි
කිලිටි කළේ ඔබෙ දෑතයි
නොපැතු වියෝගයෙ මහ වරුසාවෙන්
දෑත දෙපය මගෙ සීතයි
දෑත දෙපය මගෙ සීතයි
පායා ආ සඳ අඳුරු වළාවෙන්
මා ඉදිරියෙදිම වැසුනා
ඔබ පැමිණී ඔබම ගියා
නැවතුණ තැන මම ඉන්නම්
නැවතුණ තැන මම ඉන්නම
මගෙ සහයෝගය පතන වෙලාවේ
කොහි සිට හෝ යළි එන්නම්
කොහි සිට හෝ යළි එන්නම්
පායා ආ සඳ අඳුරු වළාවෙන්
මා ඉදිරියෙදිම වැසුනා
සෝකය තාපය පාළුව අතරේ
ඉකිබිඳ හැඬුවා ඇසුණා
පායා ආ සඳ අඳුරු වළාවෙන්
මා ඉදිරියෙදිම වැසුනා",හද විමනේ,විමානය,හදවත ,විශාල හදවත ,
රණඹර ඉඳු දුනු,වික්ටර් රත්නායක ,ධර්මවර්ධන කේ. ඩී. කේ. , මිල්ටන් මල්ලවාරච්චි,පියාපත් සලා ,1968,පැරණි පොප්,"රණඹර ඉඳු දුනු සිතුවම් වෙලා
බිඟු වැල් මල් කෙමි මත මත්වෙලා
වසන්තේ උදා උනා
වසන්තේ උදා උනා
රණඹර ඉඳු දුනු සිතුවම් වෙලා
බිඟු වැල් මල් කෙමි මත මත්වෙලා
වසන්තේ උදා උනා
වසන්තේ උදා උනා
රන් බඳ රන් කුඹු රන් සළු වෙලා
නන්දන අංජන දෙනෙතේ උලා
දෙපයේ කිංකිණි නූපුර සොලවා
මා වෙත ඈ එනවා
රණඹර ඉඳු දුනු සිතුවම් වෙලා
බිඟු වැල් මල් කෙමි මත මත්වෙලා
වසන්තේ උදා උනා
වසන්තේ උදා උනා
ඇගෙ ළැම රන් ගිරි දෙයද මැදේ
මගේ ජීවන රජ මැදුර සැදේ
සිහින විමානේ ආදර මතඟන
මා වෙත ඈ එනවා
රණඹර ඉඳු දුනු සිතුවම් වෙලා
බිඟු වැල් මල් කෙමි මත මත්වෙලා
වසන්තේ උදා උනා
වසන්තේ උදා උනා
රණඹර ඉඳු දුනු සිතුවම් වෙලා
බිඟු වැල් මල් කෙමි මත මත්වෙලා
වසන්තේ උදා උනා
වසන්තේ උදා උනා",ළැම රන් ගිරි,රත්තරන් කන්ද ,ලැම ,සුන්දර සහ උස ලැම ,
සමනල රෑනක්,පැට්‍රික් දෙනිපිටිය ,ප්‍රේමකීර්ති ද අල්විස්," මිල්ටන් මල්ලවාරච්චි, ඉන්ද්‍රානි පෙරේරා ",මිල්ටන් ප්‍රණාම ,1997,යුග ගී,"සමනල රෑනක් සේ

අනන්ත හැඟුම් මැවේ
කෙසේදෝ කියන්නේ
මගෙ දිව දෙතොල් අතර සැංගේ.
සමනල රෑනක් සේ
අනන්ත හැඟුම් මැවේ
කෙසේදෝ කියන්නේ
මගෙ දිව දෙතොල් අතර සැංග


පොපියුණු සිතුවිලි අවදි වෙවී

සිත තෙ‍රපෙයි නතර නොවී
ළා දළුවක් මෙන් මහද සැලේ
නෙත් යුග එක් රුවක වෙලී.
ොපියුණු සිතුවිලි අවදි වෙවී
සිත තෙ‍රපෙයි නතර නොවී
ළා දළුවක් මෙන් මහද සැලේ
නෙත් යුග එක් රුවක වෙලී.
සමනල රෑනක් සේ
අනන්ත හැඟුම් මැවේ
කෙසේදෝ කියන්නේ
මගෙ දිව දෙතොල් අතර සැංග


දේදුණු දහසක් සේ
ප්‍රසන්න දසුන් පෙනේ
රිදී මල් සිනා පා
සීගිරි ළඳක් පිබිද ළංවේ.
ේදුණු දහසක් සේ
ප්‍රසන්න දසුන් පෙනේ
රිදී මල් සිනා පා
සීගිරි ළඳක් පිබිද ළංවේ.
සිහිවෙන පණ නල රැඳෙන තුරු
එය දවසකි පෙරුම් පිරූ
ඔබෙ වත සඳවත ලෙසින් සොමි
මම දින දින ‍පතන්නෙමි.
සිහිවෙන පණ නල රැඳෙන තුරු
එය දවසකි පෙරුම් පිරූ
ඔබෙ වත සඳවත ලෙසින් සොමි
මම දින දින ‍පතන්නෙමි
ේදුණු දහසක් සේ
ප්‍රසන්න දසුන් පෙනේ
රිදී මල් සිනා පා
සීගිරි ළඳක් පිබිද ළංවේ.

කෙසේදෝ කියන්නේ
මගෙ දිව දෙතොල් අතර සැංගේ
රිදී මල් සිනා පා
සීගිරි ළඳක් පිබිද ළංවේ.
කෙසේදෝ කියන්නේ
මගෙ දිව දෙතොල් අතර සැංගේ
රිදී මල් සිනා පා
සීගිරි ළඳක් පිබිද ළංවේ.",රිදී මල් සිනා ,රිදී මල් ,සිනහව,සුන්දර සහ දිලිසෙන සිනහව,
සමාව දෙනු මැන,මොහොමඩ් සාලි ,කරුණාරත්න අබේසේකර, මිල්ටන් මල්ලවාරච්චි,රන් හිරු ,1969,පැරණි පොප්,"සමාව දෙනු මැන සමාව දෙනු මැන
වරදක් වූවානම්
හිත රිදවන්නට ඔබ හඩවන්නට
සිතුවේ නැත මානම්
සිතුවේ නැත මානම්
විෂකුරු මිනිසුන් ඇසුරෙන් මිදීලා
අව්වේ වැහි පින්නේ
කිරිදරුවෙකු මෙන් උනුහුම් වෙන්නයි
ඔබවෙත මා එන්නේ
ඔබ නොබැලුවොතින් සෙනෙහසකින් මගෙ
හිත සුවපත් කරලා
කොතැනක යන්නද කාට කියන්නද
අත්දෙක දික්කරලා
අත්දෙක දික්කරලා
සමාව දෙනු මැන සමාව දෙනු මැන
වරදක් වූවානම්
හිත රිදවන්නට ඔබ හඩවන්නට
සිතුවේ නැත මානම්
සිතුවේ නැත මානම්
ඔබ මගෙ හදවත් කුසුම පුබුදුවා
ඔය පාමුල රන්දයි
කොයික කියන්නෙත් කොයික කරන්නෙත්
ආදරේ වැඩි හින්දයි
ඔබ මගෙ හදවත් කුසුම පුබුදුවා
ඔය පාමුල රන්දයි
කොයික කියන්නෙත් කොයික කරන්නෙත්
ආදරේ වැඩි හින්දයි
ආදරේ වැඩි හින්දයි
සමාව දෙනු මැන සමාව දෙනු මැන
වරදක් වූවානම්
හිත රිදවන්නට ඔබ හඩවන්නට
සිතුවේ නැත මානම්
සිතුවේ නැත මානම්",හදවත් කුසුම,මල,හදවත ,සුන්දර හදවත ,
සඳළුතලේ ඔබ,ක්ලැරන්ස් විජේවර්දන ,ක්ලැරන්ස් විජේවර්දන , මිල්ටන් මල්ලවාරච්චි,නොදනී,නොදනී,පැරණි පොප්,"සඳළුතලේ ඔබ
සිටියා බලා
ඈත තියා මම දුටුවා
අසු පිට එන සඳ
ඔබ දැක ගන්නට
තවත් සඳක් දෝ
මට සිතුණා
ඔබ මා සතු නම් වෙන සැප කුමටද
මසිත සැලෙයී ඔබ දුටුව පැයේ
පුලින තලාවක ඇඳිරි වෙලාවක
සිතුවිලි කුටියේ සිහින රැයේ
රජ මැදුරක ඔබ සැතපෙන යහනක
සුව පහසුව නැත මගෙ කුටියේ
එනමුත් ඔබහට බැඳි මා සෙනෙහස
දිවි ඇති තුරු මා හදෙහි තියේ
සඳළුතලේ ඔබ
සිටියා බලා
ඈත තියා මම දුටුවා
අසු පිට එන සඳ
ඔබ දැකගන්නට
තවත් සඳක් දෝ
මට සිතුණා",සිතුවිලි කුටියේ,කුටිය ,සිතුවිලි ,ආවරණය වූ සිතුවිලි ,
සංසාර සෙවනැල්ල,මොහොමඩ් සාලි ,කරුණාරත්න අබේසේකර, මිල්ටන් මල්ලවාරච්චි,පියාපත් සලා ,1968,පැරණි පොප්,"සංසාර සෙවනැල්ල
ලෙස ආ පතාලා
ඍංගාර රස දෙන්න
කලතා පෙරාලා
කලතා පෙරාලා
සංසාර සෙවනැල්ල
ලෙස ආ පතාලා
ඍංගාර රස දෙන්න
කලතා පෙරාලා
කලතා පෙරාලා
මා මඳ සුළඟයි ඔබ මුදු සුවදයි
මා මඳ සුළඟයි ඔබ මුදු සුවදයි
පෑහී පෑහී එකට හමා යයි
පෑහී පෑහී එකට හමා යයි
හද මාගේ පිළිගන්න එය ඔබගේමයි
එය ඔබගේ මයි
සංසාර සෙවනැල්ල
ලෙස ආ පතාලා
ඍංගාර රස දෙන්න
කලතා පෙරාලා
කලතා පෙරාලා
ආදර නදියේ ගිලි ගිලි පිරි ඒ
ආදර නදියේ ගිලි ගිලි පිරි ඒ
පීනා පීනා යමු පෙම්බරියේ
පීනා පීනා යමු පෙම්බරියේ
රළ පාර ඉවසන්න සැපත ඉදිරියේ
සැපත ඉදිරියේ
සංසාර සෙවනැල්ල
ලෙස ආ පතාලා
ඍංගාර රස දෙන්න
කලතා පෙරාලා
කලතා පෙරාලා
සංසාර සෙවනැල්ල
ලෙස ආ පතාලා
ඍංගාර රස දෙන්න
කලතා පෙරාලා
කලතා පෙරාලා",ආදර නදියේ,ගංගාව ,ආදරය,දිග ආදරය,
සිනහව අතරින්,හෙක්ටර් සොයිසා ,පෙරේරා  සී. පී., මිල්ටන් මල්ලවාරච්චි,මිල්ටන් ප්‍රණාම ,1998,"චිත්රපට ගීත, පැරණි පොප්, Old Pops","සිනහව අතරින් කදුලක් උපන්නා
ඒ බැව් නොදැනම සිනහවක්ම පෑවා. //
සිනහව අතරින්
හිම කැට වැවෙනා සීතල උදයක
ඇය හමු වූවා කදුකර පදෙසක
හිමමෙන් පිරිසිදු ඔබෙ ආදරයේ...
හිමමෙන් පිරිසිදු ඔබෙ අාදරයේ
සතුට ලැබෙන්නේ කෙලෙසඳ සොදුරේ...
කදුලැලි දුන් ඔය නිල්මිනි දෑසට //
පමනයි කෙල්ලේ ආලය කෙරැවේ
සිනහව අතරින් කදුලක් උපන්නා
ඒ බැව් නොදැනම සිනහවක්ම පෑවා. //
සිනහව අතරින්
හදවත ගොලු නැත මා මියුලැසියේ
ගොලුකලෙ කවුදැයි ඔබ නේද දන්නේ
ඔබ පමනයි මට සතුටට හිටියේ.//
ඇයි ඒ සතුටත් ඉවතට දැම්මේ
නිල්මිණි දෑසට මම සුදු ආසයි
ඔබෙ ඔය දෑසට මම සුදු ආසයි
කවදත් නොලැබෙන මිරිගුව ඒකයි
සිනහව අතරින් කදුලක් උපන්නා
ඒ බැව් නොදැනම සිනහවක්ම පෑවා. //
සිනහව අතරින්",නිල්මිණි දෑස,නිල් මැණික ,ඇස් ,දිලිසෙන ඇස් ,
සිතුම් පැතුම් පොදි,සෝමපාල පී. එල්. ඒ.,ප්‍රේමකීර්ති ද අල්විස්, මිල්ටන් මල්ලවාරච්චි,මිල්ටන් ප්‍රණාම ,1997,පැරණි පොප්,"සිතුම් පැතුම් පොදි ආදරේ
බැඳන් ආවේ...
ආයාසයකින් කියන්න බැරි තරමේ
ආයාසයකින් කියන්න බැරි තරමේ

නිලුපුල් දෙනුවන් දැකගන්නයි
සුවඳැල් මුහුලස සිපගන්නයි
සුළඟිල්ලෙන් ගෙන ලෙළවන්නයි
සිහිලැල් වදනින් සැනසෙන්නයි
සිතුම් පැතුම් පොදි ආදරේ
බැඳන් ආවේ...
ආයාසයකින් කියන්න බැරි තරමේ
ආයාසයකින් කියන්න බැරි තරමේ

ලියගොමු වියැලී මල් පරවී
අතු කොල වැහැරී බිම වැටිලා
ඔබ ගිය වග, සරණෙක බැඳිලා
කවුද කියයි මට කොඳුරාලා
සිතුම් පැතුම් පොදි ආදරේ
බැඳන් ආවේ...
ආයාසයකින් කියන්න බැරි තරමේ
ආයාසයකින් කියන්න බැරි තරමේ
ආයාසයකින් කියන්න බැරි තරමේ",නිලුපුල් දෙනුවන්,නිල් උපුල් මල ,ඇස් දෙක ,ලස්සන ඇස් දෙක ,
උපුල් කොපුල් ,වික්ටර් රත්නායක ,ධර්මවර්ධන කේ. ඩී. කේ. , මිල්ටන් මල්ලවාරච්චි,පියාපත් සලා ,1968,පැරණි පොප්,"උපුල් කොපුල් වෙහෙසී ඇතේ

සුරත් නුවන් පියවී යතේ
තොලේ අමා ගෑවේ එහා ලොවේ පාවේ
හදේ තැවුල් තුනිවී යතේ
උපුල් කොපුල් වෙහෙසී ඇතේ
සුරත් නුවන් පියවී යතේ
තොලේ අමා ගෑවේ එහා ලොවේ පාවේ
හදේ තැවුල් තුනිවී යතේ
Music

හිරුයි සඳූයි තරුයි නැඟී පායා

නොනිවී තියේදෝ දිලී
හිරුයි සඳූයි තරුයි නැඟී පායා
නොනිවී තියේදෝ දිලී
පිණි වාගේ වැනසේවී
පිණි වාගේ වැනසේවී
ඔබගේ ඇයගේ යොවුන් වසන්තේ
උපුල් කොපුල් වෙහෙසී ඇතේ
සුරත් නුවන් පියවී යතේ
තොලේ අමා ගෑවේ එහා ලොවේ පාවේ
හදේ තැවුල් තුනිවී යතේ
Music

පමා වෙලා නෙතින් සළා සෝකේ
ලොවේ දිනූ කිසිවෙක් නැතේ ..
පමා වෙලා නෙතින් සළා සෝකේ
ලොවේ දිනූ කිසිවෙක් නැතේ ..
පිණි වාගේ වැනසේවී
පිණි වාගේ වැනසේවී
ඔබගේ ඇයගේ යොවුන් වසන්තේ
උපුල් කොපුල් වෙහෙසී ඇතේ
සුරත් නුවන් පියවී යතේ
තොලේ අමා ගෑවේ එහා ලොවේ පාවේ
හදේ තැවුල් තුනිවී යතේ
උපුල් කොපුල් වෙහෙසී ඇතේ
සුරත් නුවන් පියවී යතේ
තොලේ අමා ගෑවේ එහා ලොවේ පාවේ
හදේ තැවුල් තුනිවී යතේ
තොලේ අමා ගෑවේ එහා ලොවේ පාවේ
හදේ තැවුල් තුනිවී යතේ
තොලේ අමා ගෑවේ එහා ලොවේ පාවේ
හදේ තැවුල් තුනිවී යතේ",උපුල් කොපුල්,උපුල් මල,කම්මුල් ,ලස්සන කම්මුල් ,
උපුල් නුවන් විදහා,නිමල් මෙන්ඩිස් ,ඔගස්ටස් විනයාගරත්නම්, මිල්ටන් මල්ලවාරච්චි,ආවර්ජන ගී ,2014,චිත්රපට ගීත,"උපුල් නුවන් විදහා
ඔබ සිනාසුණා
මම සිනාසුණා
පුළුන් පොදක් කළ මා
ළඳකි වාසනා
නම මෝනාලිසා
හද පාරන මාරුතයේ
ඔබ ආ හැටි ආදරියේ
හැමදාකම මා පැතුවේ
සුවඳයි මලයි ඔබමයි
උපුල් නුවන් විදහා
ඔබ සිනාසුණා
මම සිනාසුණා
පුළුන් පොදක් කළ මා
ළඳකි වාසනා
නම මෝනාලිසා
ගිමන් නිවා යන ගමනේ වාරු නගාලා
තුරුල් වුණා ඇය හිරිපොද හැඟුම් සලාලා
පැතුම් විමානේ දැල් කවුළුවෙන් බලාලා
දුටු වුවනයි නිසල කළේ මා හද ජාලා
උපුල් නුවන් විදහා
ඔබ සිනාසුණා
මම සිනාසුණා
පුළුන් පොදක් කළ මා
ළඳකි වාසනා
නම මෝනාලිසා
හද පාරන මාරුතයේ
ඔබ ආ හැටි ආදරියේ
හැමදාකම මා පැතුවේ
සුවඳයි මලයි ඔබමයි
උපුල් නුවන් විදහා
ඔබ සිනාසුණා
මම සිනාසුණා
පුළුන් පොදක් කළ මා
ළඳකි වාසනා
නම මෝනාලිසා",උපුල් නුවන්,උපුල් මල,ඇස් දෙක,ලස්සන ඇස් දෙක,
වීණා බිඟු වීණා ,ග්‍රේෂන් ආනන්ද ,ධර්මවර්ධන කේ. ඩී. කේ. , මිල්ටන් මල්ලවාරච්චි,පියාපත් සලා ,1968,නව පොප්,"වීණා බිඟු වීණා පවසන්නේ ආදරේ

සේනා බිඟු සේනා විමසන්නේ ආදරේ
නිල් උපුල් සිනාදී යදින්නේ ආදරේ
වීණා බිඟු වීණා පවසන්නේ ආදරේ


රෑට සසැලෙන්නේ පැරදි හැඬු තාරකා
දෑත ලතවෙන්නේ එ් දෑත තනි වූ නිසා
සිහින මායාවේ පැටලීලා නින්දේ පවා
දෑස විමසන්නේ හුරැ දෑස දො

වීණා බිඟු වීණා පවසන්නේ ආදරේ
සේනා බිඟු සේනා විමසන්නේ ආදරේ

සීත සඳ කැල්ම කිරි සාගරේ නැවතිලා
වාසනාවන්ත තුරැ වැල් එතී ලංවෙලා
ප්‍රේම ආලිංගනේ රංගනේ මත් වෙලා
දෑස නලවන්න දිස්වූවා දො


වීණා බිඟු වීණා පවසන්නේ ආදරේ
සේනා බිඟු සේනා විමසන්නේ ආදරේ
නිල් උපුල් සිනාදී යදින්නේ ආදරේ
වීණා බිඟු වීණා පවසන්නේ ආදරේ",උපුල් සිනාදී,උපුල් මල,සිනහව ,ලස්සන සිනහව ,
දෙනුවන් ගැඹරේ,ස්ටැන්ලි පීරිස් ,රනිල් ජයසේන , මිල්ටන් මල්ලවාරච්චි,පියාපත් සලා ,1968,පැරණි පොප්,"දෙනුවන් ගැඹරේ කල්පනා
මුවගේ රැඳි සුපෙම් සිනා
සිසි උවනේ කැලුමන් සලා
ඔබදෝ නව මොනාලිසා...
රැඟුම් හලේ ඔබ රඟන වෙලේ
මසිත කොනේ සිතුවැල් පැටලේ
මනමෝහන මධු ගී ගයා
හිනැහීයන් මොනාලිසා...
තුරුණු සිතේ පෙම් කැකුළු පිපේ
තිරය වැසේ පිපි මල් සැලුනේ
හද පාලුව අඳුරේ දමා
නොයනු මැන මොනාලිසා",දෙනුවන් ගැඹරේ,අහස ,ඇස් දෙක ,විශාල ඇස් දෙක ,
දෑසේ කැළුම්‌ කැන්‌ මවා දී,වික්ටර් රත්නායක ,ප්‍රේමකීර්ති ද අල්විස්, මිල්ටන් මල්ලවාරච්චි,පියාපත් සලා ,1968,පැරණි පොප්,"දෑසේ කැළුම්‌ කැන්‌ මවා දී
ඔබ මා නිවාලන්නේ

ඒ නෙත්‌ කැළමි කැන්‌ නිවා දී
කිමදෝ දවාලන්නේ

ගලා යන්නෙ ගඟුලක්‌ වගේ නමි
ළතැවෙන්න ඉවුරේ ඉමි .../ 
තරැ මල්‌ ඔබේ නමි රාත්‍රියේ
මම අන්ධකාරේ ඉමි

දෑසේ කැළුම්‌ කැන්‌ මවා දී....

නෙළා ගන්න ඔබ සිත්‌ බඳී නම්‌
පරවෙන්න සුපිපී ඉමි .../ /
භවයෙන්‌ භවේ මතු ආත්මයේ
ඉම ඉතක්ම පෑහී ඉමි

දෑසේ කැළුමි කැන්‌ මවා දී....",තරැ මල්‌,මල් ,තරු ,ලස්සන තරු ,
යව්වන උයනේ,සරත් දසනායක ,සෝමපාල ලීලානන්ද ,"මිල්ටන් මල්ලවාරච්චි, ඇන්ජලීන් ගුණතිලක ",මිල්ටන් ප්‍රණාම ,1997,"යුග ගී, පැරණි පොප්","යව්වන උයනේ පියුම් තටාකේ

බිඟුවැල් පෑහේ
මා ඔබ පෑහේ
යව්වන උයනේ පියුම් තටාකේ

බිඟුවැල් පෑහේ

මා ඔබ පෑහේ
අත් හැර ඉගිලෙමු පෙම් ලොව පෙම් සිත් හඬවනා
මින් මතු අපියමු රටකට පෙම් හඳ පායනා
අත් හැර ඉගිලෙමු පෙම් ලොව පෙම් සිත් හඬවනා
මින් මතු අපියමු රටකට පෙම් හඳ පායනා

ඉරෙන් සඳෙන් ගමන් මන් වසා
සිතුම් පැතුම් වලින් සිතු අසා
දේ වාසනා
දේ වාසනා
රනින්
රන් මලින්

පිදූ
ආදරේ
රජුන්
රජ අසුන්
පිදූ
ආදරේ
යව්වන උයනේ පියුම් තටාකේ
බිඟුවැල් පෑහේ
මා ඔබ පෑහේ
යව්වන උයනේ පියුම් තටාකේ
බිඟුවැල් පෑහේ
මා ඔබ පෑහේ

අවුල් තැවුල් මැදින් දිව එමී
අළුත් හැඟුම් තුලින් පිළි ගමී
දේ වාසනා
දේ වාසනා
රනින්
රන් මලින්

පිදූ
ආදරේ
රජුන්
රජ අසුන්
පිදූ
ආදරේ
යව්වන උයනේ පියුම් තටාකේ

බිඟුවැල් පෑහේ
මා ඔබ පෑහේ
යව්වන උයනේ පියුම් තටාකේ
බිඟුවැල් පෑහේ
මා ඔබ පෑහේ
අත් හැර ඉගිලෙමු පෙම් ලොව පෙම් සිත් හඬවනා
මින් මතු අපියමු රටකට පෙම් හඳ පායනා
අත් හැර ඉගිලෙමු පෙම් ලොව පෙම් සිත් හඬවනා
මින් මතු අපියමු රටකට පෙම් හඳ පායනා",යව්වන උයනේ,උද්‍යානය ,තරුණ කාලය ,සුන්දර තරුණ කාලය ,
අතීතයේ පවා ,ස්ටැන්ලි පීරිස් ,ධර්මවර්ධන කේ. ඩී. කේ. ,මිල්ටන් මල්ලවාරච්චි,රන් හිරු ,1968,පැරණි පොප්,"අතීතයේ පවා මගේ ලඟින් සිටී
බවෙන් බවේ පැතූ මා ඔබේ සෑමදා

දවසක මා අමතා නොසෙලී 
කතා කළේ
දිනකදි මා හඬවා මා පෙලා 
නිහඬ වුණේ
අතීතයේ පවා ................

කෙදිනක හෝ ඔබගේ නොඉඳුල් 
සෙනෙහෙ විලේ
සැනසෙන්නම් නැවතී ආදරෙන් 
සිතූ ලෙසින්
අතීතයේ පවා",සෙනෙහෙ විලේ,විල ,සෙනෙහස ,විශාල සෙනෙහස ,
මා නෙත් කැදැල්ලේ,වික්ටර් රත්නායක ,කරුණාරත්න අබේසේකර,මිල්ටන් මල්ලවාරච්චි,පියාපත් සලා ,1968,පැරණි පොප්,"මා නෙත් කැදැල්ලේ සැතපීලා නිදැල්ලේ

දැවටී රන්දැලේ හද පුරා සැනසිලා
ආයෙත් ඉගිල්ලී පියඹාලා පිපාසෙන්
නොසරා මල් කැලේ
රොන් සොයාලා..
රොන්.. සොයා

බඹර තුඩු ගා නැති - කුමුදු මලකින් පෙතී

ගෙනෙමි දුර ඈත විලකින් බලා..
බඹර තුඩු ගා නැති - කුමුදු මලකින් පෙතී
ගෙනෙමි දුර ඈත විලකින් බලා..
ඒ මැද ඔබෙ යහන සාදන්නෙ නා දල්ලෙනුයි...
සුවඳ උලා...ආ....
මා නෙත් කැදැල්ලේ සැතපීලා නිදැල්ලේ
දැවටී රන්දැලේ හද පුරා සැනසිලා
ආයෙත් ඉගිල්ලී පියඹාලා පිපාසෙන්
නොසරා මල් කැලේ
රොන් සොයාලා..
රොන්.. සොයා

අරුණ පිනි බිංදුවයි - පියුමෙ මකරන්දයයි

පොවමි මේ කුලක කලතා නිවා..
අරුණ පිනි බිංදුවයි - පියුමෙ මකරන්දයයි
පොවමි මේ කුලක කලතා නිවා..
ඉන් මතු කිසිදාක යන්නෙහිද හද රන් ලෙනේ...
පහන නිවා..ආ....
මා නෙත් කැදැල්ලේ සැතපීලා නිදැල්ලේ
දැවටී රන්දැලේ හද පුරා සැනසිලා
ආයෙත් ඉගිල්ලී පියඹාලා පිපාසෙන්
නොසරා මල් කැලේ
රොන් සොයාලා..
රොන්.. සොයා",හද රන් ලෙනේ,රත්තරන් ගබඩාව ,හදවත ,වටිනා  හදවත ,
ඔබයි මමයි මැවූ සිහින,වික්ටර් රත්නායක ,කරුණාරත්න අබේසේකර,මිල්ටන් මල්ලවාරච්චි,මිල්ටන් ප්‍රණාම ,1998,පැරණි පොප්,"ඔබයි මමයි මැවූ සිහින
ලොවම මැකී යයි
දෙඅත රැගෙන එකම දිනක
අප හමු වන්නයි
සුනිල පළිඟු දියෙන් සපිරි
පොකුණ මා තමයි
සුවඳ රුවද එකම පරිදි
රැගත් මල ඔබයි
ඔබයි මමයි මැවූ සිහින
ලොවම මැකී යයි
දෙඅත රැගෙන එකම දිනක
අප හමු වන්නයි
අපට නොමැත නීති රීති
සෙනෙහස පමණි
තවත් දිනක තවත් ලොවක
ඔබෙ අත ගනිමි
ඔබයි මමයි මැවූ සිහින
ලොවම මැකී යයි
දෙඅත රැගෙන එකම දිනක
අප හමු වන්නයි",මල ඔබයි,මල ,පෙම්වතිය ,ලස්සන පෙම්වතිය ,
පෙම්‌ රජ දහනේ,නොදනී ,අජන්තා  රණසිංහ,මිල්ටන් මල්ලවාරච්චි,නොදනී,නොදනී,පැරණි පොප්,"පෙම්‌ රජ දහනේ
අහස්‌ මාළිගාවන්
සිඳී බිඳී නටඹුන්‌ විසිරේ
කොහේද මා යන්නේ...

පෙම්‌ රජ දහනේ .....

එදා පටන්‌ පෙම්‌ බැඳී
හැඬූ පෙම්වතුන්‌ නෙතින්‌
මහා කඳුළු ගංගා

මැවුනා ලොවේ
එවන්‌ නදී තීරයේ 
මා අසරණයි
මෘ තනිවමයි

පෙම්‌ රජ දහනේ...

ගසේ එතෙන මල්‌ ලතා
මියෙන පෙම්‌ සුසුම්‌ ලොවේ
පාලු වෙරළ අයිනේ

නාඩන්‌ ඉතින්‌

එවන්‌ අතීතේ රැයේ
ඔබේ පිළිරුවේ
රූ සිරු මැවේ
පෙම්‌ රජ දහනේ .....
පෙම්‌ රජ දහනේ ....

කොහේද",කඳුළු ගංගා,ගංගාව,කඳුළු ,නොනවත්වා  ගලා යන කඳුළු ,
ඈ නුවන්‌ තෘරකා ,නොදනී ,නොදනී ,ටී එම් ජයරත්න,නොදනී,නොදනී,නොදනී,"ඈ නුචන්‌ තාරකා දල්වා වෙන්වී ගියා
නෑ ආදරේ ඈ සිතේ මා තරම්‌ //

ලංවී පෙමින්‌ මංමත්‌ කර ඈ හැඟම්‌

පාවී ගියා මීදුම්‌ කඳුළක්‌ ලෙසින්‌

නෑ ආදරේ ඈ සිතේ මා තරම්‌

ඈ නුවන්‌ තෘරකා .....:...

සුන්‌ වූ හදින්‌ පැතුමන්‌ බොඳ වූ ලොවින්‌
ආයේ දැනෙයි සුවඳක්‌ සිරුරේ ඇගෙන්‌
නෑ ආදරේ ඈ සිතේ මා තරම්‌

ඈ නුචන්‌ තාරකා .......:...",නුවන්‌ තෘරකා ,තාරකා,ඇස්,තරු වගේ දිලිසෙන ඇස් ,
අඳුරු කැලේ සුසුදු මලේ,ක්ලැරන්ස් විජේවර්දන ,හේමසිරි හල්පිට,ටී එම් ජයරත්න,නොදනී,නොදනී,පැරණි පොප්,"අඳුරු කැලේ සුසුදු මලේ
කවදාදො පිපුනේ
රුදුරු ලොවේ ඇසුර දැනේ
මොනවාදෝ සිතුනේ //

කන්ද උඩින්‌ මොදු චෙවී හඳ පායනවා
පියැලි පුරා උතුරා පිනිබිඳු විසිරෙනවා //
කැලයේ පිපුනු මලේ ඔබේ

හසරැල්‌ විකසිත වෙනවා

අඳුරු කැලේ සුසුදු .......

ලන්ද දිගේ බඹරා නුරා හඳ පාවෙනවා
සුවඳ උරා සැනගී ඈතක පියාඹනවා //
කැලයේ පිපුනු මලේ ඔබ

තනිවී මුකුලිත වෙනවා

අඳුරු කැලේ සුසුදු ...:....",කැලයේ පිපුනු මලේ ඔබේ,කැලයේ පිපුනු මල,තරුණිය,ලස්සන වටිනා තරුණිය,
හිරුට හොරෙන්‌,රෝහණ වීරසිංහ ,කුලරත්න ආරියවංස,ටී එම් ජයරත්න,වලා තීරයෙන්,2014,පැරණි පොප්,"හිරුට හොරෙන්‌ සඳුට හොරෙන්‌
තරු මල්‌ ලයනේ

ලොවට හොරෙන්‌

සැදූ ලොවයි අපේ ආදරේ

ඔබේ නුවන්‌ තරු එළියෙන්‌
ඒ ලොකයේ සිරි නරබන්නම්‌
තවත්‌ කුමටදෝ එළියක්‌
මගේ ලොකයේ

හිරුට හොරෙන්‌ .../

ඔබේ වදන්‌ අම සරයෙන්‌

ඒ ලොකයේ නද රැව්දේ නම්‌
තචත්‌ කුමටදෝ මිහිරක්‌
අපේ ලොකයේ

හිරුට හොරෙන්‌ .../",සැදූ ලොවයි අපේ ආදරේ,ලොව,ආදරය,ලෝකයක් වගේ විශාල ආදරය ,
හිරුට හොරෙන්‌,රෝහණ වීරසිංහ ,කුලරත්න ආරියවංස,ටී එම් ජයරත්න,වලා තීරයෙන්,2014,පැරණි පොප්,"හිරුට හොරෙන්‌ සඳුට හොරෙන්‌
තරු මල්‌ ලයනේ

ලොවට හොරෙන්‌

සැදූ ලොවයි අපේ ආදරේ

ඔබේ නුවන්‌ තරු එළියෙන්‌
ඒ ලොකයේ සිරි නරබන්නම්‌
තවත්‌ කුමටදෝ එළියක්‌
මගේ ලොකයේ

හිරුට හොරෙන්‌ .../

ඔබේ වදන්‌ අම සරයෙන්‌

ඒ ලොකයේ නද රැව්දේ නම්‌
තචත්‌ කුමටදෝ මිහිරක්‌
අපේ ලොකයේ

හිරුට හොරෙන්‌ .../",නුවන්‌ තරු,තරු ,ඇස් ,තරු වගේ දිලිසෙන ඇස් ,
තුරුපත්‌ සැලෙනා  සිසිලේ,නොදනී ,නොදනී,ටී එම් ජයරත්න,නොදනී,නොදනී,සම්භාව්ය,"තුරුපත්‌ සැලෙනා සිසිලේ නුඹ පියමැන්නා සුවසේ

ඇස්‌ දෙක චැසෙනා මොහොතේ නුඹ ළගින්‌ මගේ
තූරුළු වෙන්න ආසයි නුඹගේ සුවඳ දැනෙන හද පතුලේ
අකුරු තූනක සැඟවූ නුඹගේ අපරිමිත සෙනේ

අම්මා නුඹ පෙනෙනා ලොකේ දෙවියනුයි මගේ
අම්මා නුඹ දෑස මානේ ලොකයයි මගේ

වැටෙන කළුළු මුතු කරවා මාගේ ලොව සදා
අඳුර වැටුන බියංද දැනෙන මාවනෙන්‌ මුදා
යන්න පුතූනිමග මෙයමයි ආදරෙන්‌ කියා
ලොවම දිනුව දෙස බලලා නුඹ සිතින්‌ රජ වුණා
අම්මා නුඹ පෙනෙනා. ..........

දැවෙන සසරෙ යලි කිසිදා හමුවන්න එපා
යලිත්‌ දිනෙක හමුව මෙලෙස යන්න යන නිසා
සිතට දැනෙන මේ දුක නම්‌ නැවත මට එපා
අම්මේ නුඹ සෙනෙහස නැති දෟ දුකට නෑ නිමා

අම්මා නුඹ පෙනෙනා ....:
තුරුපත්‌ සැලෙනා .....:..",අම්මා නුඹ පෙනෙනා ලොකේ දෙවියනුයි මගේ,දෙවියන්‌,අම්මා,දෙවියෙක් වගේ උතුම් අම්මා ,
තුරුපත්‌ සැලෙනා  සිසිලේ,නොදනී ,නොදනී,ටී එම් ජයරත්න,නොදනී,නොදනී,සම්භාව්ය,"තුරුපත්‌ සැලෙනා සිසිලේ නුඹ පියමැන්නා සුවසේ

ඇස්‌ දෙක චැසෙනා මොහොතේ නුඹ ළගින්‌ මගේ
තූරුළු වෙන්න ආසයි නුඹගේ සුවඳ දැනෙන හද පතුලේ
අකුරු තූනක සැඟවූ නුඹගේ අපරිමිත සෙනේ

අම්මා නුඹ පෙනෙනා ලොකේ දෙවියනුයි මගේ
අම්මා නුඹ දෑස මානේ ලොකයයි මගේ

වැටෙන කළුළු මුතු කරවා මාගේ ලොව සදා
අඳුර වැටුන බියංද දැනෙන මාවනෙන්‌ මුදා
යන්න පුතූනිමග මෙයමයි ආදරෙන්‌ කියා
ලොවම දිනුව දෙස බලලා නුඹ සිතින්‌ රජ වුණා
අම්මා නුඹ පෙනෙනා. ..........

දැවෙන සසරෙ යලි කිසිදා හමුවන්න එපා
යලිත්‌ දිනෙක හමුව මෙලෙස යන්න යන නිසා
සිතට දැනෙන මේ දුක නම්‌ නැවත මට එපා
අම්මේ නුඹ සෙනෙහස නැති දෟ දුකට නෑ නිමා

අම්මා නුඹ පෙනෙනා ....:
තුරුපත්‌ සැලෙනා .....:..",අම්මා නුඹ දෑස මානේ ලොකයයි මගේ,ලොකය,අම්මා,ලෝකයක් වගේ දරාගෙන සිටින අම්මා ,
සඳ වතුරක්‌ සේ,චුලසිංහ එම්. ආර්.,රඹුක්කන සිද්ධාර්ථ හිමි,ටී එම් ජයරත්න,නොදනී,නොදනී,"බෞද්ධ ගීත, ආශ්වාදජනක, ඉල්ලීම","සඳ වතුරක්‌ සේ මෙත්‌ සොමි ගුණෙනා
දිව මතූරක්‌ සේ තූඩ තූඩ රඳනා
සමිඳුනි ඔබ වේවා පියුම්‌ ගොමු
හද විල්‌ ජලයේ...

(උදා ලා ගරු සේ ලොව සනසචනා
තරු වියනක්‌ සේ සිත පහදවනා...///)
සමිඳුනි ඔබ වේවා පහන්‌ ටැඹ

මා ළය මඬලේ...

සඳ චතුරක්‌ සේ...

(මල්‌ සුවඳක්‌ සේ සුළඟට වඩිනා

මව්‌ වදනක්‌ සේ සෙනෙහස ගලනා...//)
සමිඳුනි ඔබ වේවා පිහිට මට

මේ භව කතරේ...

සඳ චතුරක්‌ සේ...","සමිඳුනි ඔබ වේවා පියුම්‌ ගොමු
හද විල්‌ ජලයේ",පියුම්‌ ගොමු,බුදු හාමුදුරුවන්,බුදු හාමුදුරුවන්ගේ පිහිට,
සඳ වතුරක්‌ සේ,චුලසිංහ එම්. ආර්.,රඹුක්කන සිද්ධාර්ථ හිමි,ටී එම් ජයරත්න,නොදනී,නොදනී,"බෞද්ධ ගීත, ආශ්වාදජනක, ඉල්ලීම","සඳ වතුරක්‌ සේ මෙත්‌ සොමි ගුණෙනා
දිව මතූරක්‌ සේ තූඩ තූඩ රඳනා
සමිඳුනි ඔබ වේවා පියුම්‌ ගොමු
හද විල්‌ ජලයේ...

(උදා ලා ගරු සේ ලොව සනසචනා
තරු වියනක්‌ සේ සිත පහදවනා...///)
සමිඳුනි ඔබ වේවා පහන්‌ ටැඹ

මා ළය මඬලේ...

සඳ චතුරක්‌ සේ...

(මල්‌ සුවඳක්‌ සේ සුළඟට වඩිනා

මව්‌ වදනක්‌ සේ සෙනෙහස ගලනා...//)
සමිඳුනි ඔබ වේවා පිහිට මට

මේ භව කතරේ...

සඳ චතුරක්‌ සේ...",සමිඳුනි ඔබ වේවා පහන්‌ ටැඹ මා ළය මඬලේ...,පහන්‌ ටැඹ,බුදු හාමුදුරුවන්,බුදු හාමුදුරුවන්ගේ පිහිට,
සඳ වතුරක්‌ සේ,චුලසිංහ එම්. ආර්.,රඹුක්කන සිද්ධාර්ථ හිමි,ටී එම් ජයරත්න,නොදනී,නොදනී,"බෞද්ධ ගීත, ආශ්වාදජනක, ඉල්ලීම","සඳ වතුරක්‌ සේ මෙත්‌ සොමි ගුණෙනා
දිව මතූරක්‌ සේ තූඩ තූඩ රඳනා
සමිඳුනි ඔබ වේවා පියුම්‌ ගොමු
හද විල්‌ ජලයේ...

(උදා ලා ගරු සේ ලොව සනසචනා
තරු වියනක්‌ සේ සිත පහදවනා...///)
සමිඳුනි ඔබ වේවා පහන්‌ ටැඹ

මා ළය මඬලේ...

සඳ චතුරක්‌ සේ...

(මල්‌ සුවඳක්‌ සේ සුළඟට වඩිනා

මව්‌ වදනක්‌ සේ සෙනෙහස ගලනා...//)
සමිඳුනි ඔබ වේවා පිහිට මට

මේ භව කතරේ...

සඳ චතුරක්‌ සේ...","සමිඳුනි ඔබ වේවා පිහිට මට
මේ භව කතරේ",පිහිට,බුදු හාමුදුරුවන්,බුදු හාමුදුරුවන්ගේ පිහිට,
අම්මා  සඳකි,රෝහණ වීරසිංහ ,මාලිනි ජයරත්න,ටී එම් ජයරත්න,සොඳුරු අතීතයේ,1979,සම්භාව්ය,"අම්මා සඳකි මම ඒ ලොව හිරුය රිදී

ඒ ඉර හඳෙන්‌ නුඹේ ලොකය එලිය වුනී
රැකුමට පුතූන්‌ දිවියේ දුක්‌ ගැහැට විදී

පිය සෙනෙහසට කව්‌ ගී ලියැවුනා මදී.....

සිරුරේ දුවන්නේ මගෙ ලේ නොවැ පුතුනේ
කුසයේ නොදැරුවත්‌ දිවි බර මට රැඳුනේ
මහ මෙරකට ලසයි දරු පෙම හද පතූලේ
පුදුමයි පුතුනි කිම මගෙ ලේ කිරි නොවුණේ

මචකට මුවා චී නුඹ චෙත දිවි දුන්නේ

මම වෙමි පුතුනි එය මා පමණයි දන්නේ
පිය සෙනෙහස නැතිද දරුවනි හඳුනන්නේ
අම්මාචරුන්‌ පමණද මතු බුදු වන්නෙ.....",අම්මා සඳකි,සඳ,අම්මා,මවගේ සෞම්‍ය ගුණ,
අම්මා  සඳකි,රෝහණ වීරසිංහ ,මාලිනි ජයරත්න,ටී එම් ජයරත්න,සොඳුරු අතීතයේ,1979,සම්භාව්ය,"අම්මා සඳකි මම ඒ ලොව හිරුය රිදී

ඒ ඉර හඳෙන්‌ නුඹේ ලොකය එලිය වුනී
රැකුමට පුතූන්‌ දිවියේ දුක්‌ ගැහැට විදී

පිය සෙනෙහසට කව්‌ ගී ලියැවුනා මදී.....

සිරුරේ දුවන්නේ මගෙ ලේ නොවැ පුතුනේ
කුසයේ නොදැරුවත්‌ දිවි බර මට රැඳුනේ
මහ මෙරකට ලසයි දරු පෙම හද පතූලේ
පුදුමයි පුතුනි කිම මගෙ ලේ කිරි නොවුණේ

මචකට මුවා චී නුඹ චෙත දිවි දුන්නේ

මම වෙමි පුතුනි එය මා පමණයි දන්නේ
පිය සෙනෙහස නැතිද දරුවනි හඳුනන්නේ
අම්මාචරුන්‌ පමණද මතු බුදු වන්නෙ.....",මම ඒ ලොව හිරුය රිදී,හිරු,තාත්තා,දැඩි ගුණ ඇති නමුත් මවට ශක්තියක් වන පියා,
සුළඟ වගේ ඇවිදින්‌,ප්‍රේමසිරි කේමදාස ,කුලරත්න ආරියවංස,"ටී එම් ජයරත්න, මාලිනි බුලත්සිංහල ",ගොළු හදවතින් තුන්වැනි යාමයට ,2003,සම්භාව්ය,"සුළඟ වගේ ඇවිදින්‌
සුළඟ වගේ ඇවිදින්‌
කොංහ සිටදෝකොතැනක දොං

මවකගෙ කළුළක්‌ මුතූ ඇටයක්‌ වී
දුවකට සුරතට වැඩුවාදො
පියෙකුගෙ දහඩිය සිප්‌ සයුරක්‌ චී
පුතෙකුගෙ මනසක්‌ පිරුවාදො",මවකගෙ කළුළක්‌ මුතූ ඇටයක්‌ වී,මුතූ ඇටය,මවකගෙ කඳුළු,මවගේ වේදනාව,
සුළඟ වගේ ඇවිදින්‌,ප්‍රේමසිරි කේමදාස ,කුලරත්න ආරියවංස,"ටී එම් ජයරත්න, මාලිනි බුලත්සිංහල ",ගොළු හදවතින් තුන්වැනි යාමයට ,2003,සම්භාව්ය,"සුළඟ වගේ ඇවිදින්‌
සුළඟ වගේ ඇවිදින්‌
කොංහ සිටදෝකොතැනක දොං

මවකගෙ කළුළක්‌ මුතූ ඇටයක්‌ වී
දුවකට සුරතට වැඩුවාදො
පියෙකුගෙ දහඩිය සිප්‌ සයුරක්‌ චී
පුතෙකුගෙ මනසක්‌ පිරුවාදො",පියෙකුගෙ දහඩිය සිප්‌ සයුරක්‌ චී,පියෙකුගෙ දහඩිය,සිප්‌ සයුර,පියෙකුගේ මහන්සිය,
මඟ හැරුණු මිනිස්කම,ජයවර්දන එච්. එම්.,කීර්ති චතුරංග,ටී එම් ජයරත්න,නව රිද්ම ගී සොලොස ,2014,නොදනී,"මඟ හැරුණු මිනිස්කම
ඇහිදගෙන මග තිබී
නාදුනන නිසා යළි

ඉවතලූ මිනිසුනේ //

දුර පේන මිරිඟු දිය
සැපයි සිසිලස පිරි

යමච්‌ නොම වී පමා
විඳිව්‌ සිසිලස එහි //

මැරී යළි ඉපදීමෙන්‌
සසර සයුරට වැදී
විඳිව්‌ ඒ අමෘ සුව
නොයව්‌ සසරින්‌ මිදී //",සසර සයුරට,සයුර,සසර,නිමක් නොමැති සසර,
සියක් ආයු ලැබ,ජයවර්දන එච්. එම්.,රඹුක්කන සිද්ධාර්ථ හිමි,ටී එම් ජයරත්න,සියක් ආයු ලැබ,1987,සම්භාව්ය,"සියක් ආයු ලැබ ~ මගෙන්‌ ආයු ගෙන
මටන්‌ වඩා කල්‌ ඔබ ජීවත්‌ වේවා
මෙතෙ' බුදුන්‌ කල ~ ලොවේ උතුම්‌ ළඳ
විෂාකාව වේවා

මහා පොළව සේ නිහඩ නිසංසල - ඔබේ දයාබර හදින්‌ ගලා එන
ආදර ගීතය ලොව සනහාලන - බුදු බණ පදයක්‌ වේචා

ගතේ රුහිරු ලේ කිරි පෙව්‌ සෙනෙහස - සුවඳ ගලා ගිය ඔබෙ මච්‌ හදවත
නිවන පුරට යන මංපෙත්‌ හෙළිකළ - පහන්‌ ටැඹක්‌ වේවා",ආදර ගීතය ලොව සනහාලන - බුදු බණ පදයක්‌ වේචා,බුදු බණ පදය,මවගේ ආදරණීය ගීතය,මවගේ ගායනා,
සියක් ආයු ලැබ,ජයවර්දන එච්. එම්.,රඹුක්කන සිද්ධාර්ථ හිමි,ටී එම් ජයරත්න,සියක් ආයු ලැබ,1987,සම්භාව්ය,"සියක් ආයු ලැබ ~ මගෙන්‌ ආයු ගෙන
මටන්‌ වඩා කල්‌ ඔබ ජීවත්‌ වේවා
මෙතෙ' බුදුන්‌ කල ~ ලොවේ උතුම්‌ ළඳ
විෂාකාව වේවා

මහා පොළව සේ නිහඩ නිසංසල - ඔබේ දයාබර හදින්‌ ගලා එන
ආදර ගීතය ලොව සනහාලන - බුදු බණ පදයක්‌ වේචා

ගතේ රුහිරු ලේ කිරි පෙව්‌ සෙනෙහස - සුවඳ ගලා ගිය ඔබෙ මච්‌ හදවත
නිවන පුරට යන මංපෙත්‌ හෙළිකළ - පහන්‌ ටැඹක්‌ වේවා","ඔබෙ මච්‌ හදවත
නිවන පුරට යන මංපෙත්‌ හෙළිකළ - පහන්‌ ටැඹක්‌ වේවා",පහන්‌ ටැඹ,මච්‌ හදවත,මවගේ හදවත,
දුකේදී හැඬුමට,සරත් දසනායක ,ශීලා  ගම්වර,ටී එම් ජයරත්න,නොදනී,නොදනී,නොදනී,"දුකේදී හැඬුමට සැපේදී සිනාසෙන්නට ලභ හිදන්‌..
තචත්‌ අම්මා කෙනෙකු ඇත්නම්‌..
නුඹයි ඒ අම්මා... සොදුරියෙ
නුඹයි ඒ අම්මා...

අහස මෙන්‌ ලත්‌ චොදනා..

පොළව මෙන්‌ දුක්‌ උහුලනා...//

මෑණියන්ගේ සෙනෙහසින්‌ මුල්‌ චරට ඉපැදීලා..
සොදුරියේ නුඹෙ සෙනෙහසින්‌ ඉමි

ලොවෙහි රජවීලා.....

දුකේදී හැඬුමට.../

සිතට සැනසුම්‌ කල්පනා

ගෙනෙන බාධා වාසනා..//

තනා ටජ්‌ මහලයක්‌ පිවිතුරු සෙනෙහෙ ගංතීරේ
සොදුරියේ නුඹෙ රුව මචාගමි මහද මංදිරේ..

දුකේදී හැඬුමට.../",නුඹයි ඒ අම්මා... සොදුරියෙ,අම්මා,බිරිද,අම්මා වගේ උතුම් බිරිඳ ,
අමතක වෙන්නේ නෑ ,ප්‍රේමසිරි කේමදාස ,අජන්තා  රණසිංහ,ටී එම් ජයරත්න,නොදනී,2018,නොදනී,"අමතක වෙන්නේ නෑ
කීවත්‌ ඔබංමට අමතක කරන්න මා කියා

අමතක වෙන්නේ නෑ
ඔබ එය දන්නේ නෑ

ආදරයක්‌ මුල පුරන්න

කිමද හමුවුනේ අප කිමද හමුවුනේ

හමුවී යළි විරහතාපය

දැවෙනු මට දැනේ'සිත දැවෙනු මට දැනේ

අමතක වෙන්නේ නෑ ....

සාගරයක දිය බිඳක්‌ වී ඇති

ඔබට මගේ සෙනේ අද ඔබට මගේ සෙනේ
හඬනා පෙම්‌ හදක්‌ පමණද

ඔබෙන්‌ හමුවුනේ මට ඔබෙන්‌ හමුවුනේ

අමතක වෙන්නේ නෑැ....","සාගරයක දිය බිඳක්‌ වී ඇති
ඔබට මගේ සෙනේ",සාගරයක දිය බිඳක්‌,ඔහුගේ සෙනෙහස,නොවැදගත් තරමේ සෙනෙහසක් ,
අම්බරේ දිලී දිලී,ප්‍රේමසිරි කේමදාස ,ශ්‍රී නිහාල් ජයසිංහ ,ටී එම් ජයරත්න,සොඳුරු අතීතයේ,1979,සම්භාව්ය,"අම්බරේ දිලී දිලී
තාරකා මිලාන වී
හද රුවන් තොරණ් දැවී
පැතූ විමන් ගරා වැටී
අම්බරේ දිලී දිලී
තාරකා මිලාන වී
හද රුවන් තොරණ් දැවී
පැතූ විමන් ගරා වැටී
දෑස අන්ධකාර වී
ඈත මෑත පාවෙවී
ඈත මෑත පාවෙවී
ආසාවේ සිහින සාගරේ
රැල් නැගී රුවල් බිඳේ
රැල් නැගී රුවල් බිඳේ
අම්බරේ දිලී දිලී
තාරකා මිලාන වී
හද රුවන් තොරණ් දැවී
පැතූ විමන් ගරා වැටී
ජීවිතයේ සුරා විතින්
රාගයෙන් නුරා මතින්
රාගයෙන් නුරා මතින්
රඟා රැඟුම් හමාර වී
අවන්හලේ ගිමන් පොලේ
අවන්හලේ ගිමන් පොලේ
අම්බරේ දිලී දිලී
තාරකා මිලාන වී
හද රුවන් තොරණ් දැවී
පැතූ විමන් ගරා වැටී",හද රුවන් තොරණ්,මැණික්  තොරණ ,හදවත ,දිලිසෙන හදවත ,
හිමින් සැරේ,ප්‍රේමසිරි කේමදාස ,ධර්මසිරි පතිරාජ,ටී එම් ජයරත්න,ගොළු හදවතින් තුන්වැනි යාමයට ,2003,ඔපෙරා,"හිමින් සැරේ පියා විදා
සුමුදු සයනේ සිනිඳූ ඇතිරිල්ලෙන්
පලා ඇවිත් සිතුම් සියොතුන්
සුමුදු සයනේ සිනිඳූ ඇතිරිල්ලෙන්

මලක් නම් එය මලක් වුව මැන

සිනිඳූ සුකොමල ආ.. රුවෙන් සරසන
විලක් නම් එය විලක් වුව මැන
නීල ඉඳූවර ආ.. දියෙන් උපදින
හිමින් සැරේ පියා විදා
සුමුදු සයනේ සිනිඳූ ඇතිරිල්ලෙන්
පලා ඇවිත් සිතුම් සියොතුන්
සුමුදු සයනේ සිනිඳූ ඇතිරිල්ලෙන්

නැවුම් වත්සුනු රොනින් මත් වී
සිහින නිම්නය ආ.. සුපුෂ්පිත වෙයි
සිහින් හඬකින් මහද අමතයි
මුදා හැරදා ආ.. පවුරු සිරි යහනේ
හිමින් සැරේ පියා විදා
සුමුදු සයනේ සිනිඳූ ඇතිරිල්ලෙන්
පලා ඇවිත් සිතුම් සියොතුන්
සුමුදු සයනේ සිනිඳූ ඇතිරිල්ලෙන්",සිතුම් සියොතුන්,කුරුල්ලන් ,සිතුවිලි ,කුරුල්ලන් පියඹනවා වගේ හිතට ඇතිවන සිතුවිලි ,
රත්තරන් නෙත් දෙකින්,ජයවර්දන එච්. එම්.,කුලරත්න ආරියවංස,ටී එම් ජයරත්න,නව රිද්ම ගී සොලොස ,2014,සම්භාව්ය,"රත්තරන් නෙත් දෙකින්..

සලා සිහිල් පවන්..
ජීවිතේ ලසෝ තැවුල්..
නිවන්න රත්තරන්...
රත්තරන් නෙත් දෙකින්..
සලා සිහිල් පවන්..
ජීවිතේ ලසෝ තැවුල්..
නිවන්න රත්තරන්...


හා..හහා...හ්ම්..හ්ම්..හ්ම්.....

තාරකා සිනා දැලේ රන් කැළුම් දිගේ..

ආදරේ ගලා හැලේ සිහිනයක් වගේ..
පාළුවේ වෙලී හඬා වැටෙද්දි ජීවිතේ..
මා දිහා ලඟාව ඉන්න රත්තරන් මගේ.


රත්තරන් නෙත් දෙකින්..
සලා සිහිල් පවන්..
ජීවිතේ ලසෝ තැවුල්..
නිවන්න රත්තරන්...
රත්තරන් නෙත් දෙකින්..
සලා සිහිල් පවන්..
ජීවිතේ ලසෝ තැවුල්..
නිවන්න රත්තරන්...
හා..හහා...හ්ම්..හ්ම්..හ්ම්.....

මාරුතේ හමා වනේ මල් උයන් දිගේ..
පාවෙනා වලාකුලේ සිසිලසක් වගේ..
වේදනා නිවී ඔබේ සුනීල නෙත් විලේ..
ජීවිතේ සිනා නඟාවී සෙනෙහසින් හදේ..


රත්තරන් නෙත් දෙකින්..
සලා  සිහිල් පවන්..
ජීවිතේ ලසෝ තැවුල්..
නිවන්න රත්තරන්...
රත්තරන් නෙත් දෙකින්..
සලා සිහිල් පවන්..
ජීවිතේ ලසෝ තැවුල්..
නිවන්න රත්තරන්...",තාරකා  සිනා ,තරු ,සිනහව ,තරු වගේ දිලිසෙන සිනහව ,
ඔබ හා  මෙමා  අතිනත් අරන්,ජයවර්දන එච්. එම්.,විමලා  රංජනී පීරිස්,ටී එම් ජයරත්න,සොඳුරු අතීතයේ,1979,සම්භාව්ය,"ඔබ හා මෙමා අතිනත් අරන්
අපගේ ලොවේ තනිවූ එදා
ඔබ මා දෙපා දෑතින් බදා
සිප ගත් එදා සිහිවෙනවා
සිප ගත් එදා සිහිවෙනවා
භවයෙන් භවේ මෙලෙසින් බැඳී
අප ආ ගමන් අමතක වුවත්
ඔබගෙයි මගෙයි හද මන්දිරෙන්
නැග ආ ස්වරේ
එක්වූ දිනේ සිහිවෙනවා
එක්වූ දිනේ සිහිවෙනවා
ඔබ මා දෙනෙත්
මා ඔබේ දෙනෙත්
එක්වී වෙලී සෙනෙහස සෙවූ
ඒ සොඳුරු දා සිහිවෙනවා
ඒ සොදුරු දා සිහිවෙනවා
ඔබ හා මෙමා අතිනත් අරන්
අපගේ ලොවේ තනිවූ එදා
ඔබ මා දෙපා දෑතින් බදා
සිප ගත් එදා සිහිවෙනවා
සිප ගත් එදා සිහිවෙනවා",හද මන්දිරෙන් ,මන්දිරය ,හදවත ,මාලිගාවක් වගේ විශාල ,
උදුම්බරා,ප්‍රේමසිරි කේමදාස ,ජයසිරි ඩබ්.,ටී එම් ජයරත්න,ගොළු හදවතින් තුන්වැනි යාමයට ,2003,ඔපෙරා,"හා....හා..
උදුම්බරා
හා..හා..
හින්හෙනවා

උදුම්බරා හිනැහෙනවා
ඉර අදුරට හැංගෙනවා

ඉර අදුරට හැංගෙනවා
දස දහසක් සම් මස් ඇට
දස දහසක් සම් මස් ඇට
සිනා කදුළු වැහි වැහැලා
ගිනිගෙන රත්වුණු දවසක
සැනසෙන එක හැන්දෑවක
සැනසෙන එක හැන්දෑවක


මුහුදු කොණේ සුදු වැල්ලේ

ඉර හැංගෙන එක මොහොතක
ඉර හැංගෙන එක මොහොතක
උදුම්බරා හිනැහෙනවා.....

ඉර අදුරට හැංගෙනවා....

හා...හා..
හා...හා...
හා...හා...
හා...හා...
හා...හා...

කළුවර දුම එක හුස්මට
මුලු ලෝකෙම වසාගන්න
කළුවර දුම එක හුස්මට
මුලු ලෝකෙම වසාගන්න

ගිනි දිය ලෝ දිය වැස්සේ

කිරි සල්කිරි උදුම්බරා.....
කිරි සල්කිරි උදුම්බරා.....
සිනා කදුළු වගුරනවා
සිනා කදුළු වගුරනවා


ආදරයේ ඔබ ඔබමය
මා ඔබ නොව
ඔබ මා නොව
දවසක්දා......
හඳුනාගත්තොත් ඔබ මා......
හඳුනාගත්තොත් ඔබ මා......

ආදරයේ ඔබ ඔබමය
මා ඔබ නොව
ඔබ මා නොව
දවසක්දා......
හඳුනාගත්තොත් ඔබ මා......
හඳුනාගත්තොත් ඔබ මා......
හඳුනාගත්තොත් ඔබ මා......
හඳුනාගත්තොත් ඔබ මා......
හඳුනාගත්තොත් ඔබ මා......

ඒ මොහොතෙම එක හුස්මට
උපදිනවා ගිනි රස්නය
සීතලෙන්ම......

හඳුනාගත්තොත් ඔබ මා......
හඳුනාගත්තොත් ඔබ මා......
හඳුනාගත්තොත් ඔබ මා......

මහ මුහුදම ගොඩට ගලා
මහ මුහුදම ගොඩට ගලා
රත්වුණු හිරු පායන්නට
රත්වුණු හිරු පායන්නට
මහ මුහුදම ගොඩට ගලා
මහ මුහුදම ගොඩට ගලා
රත්වුණු හිරු පායන්නට
රත්වුණු හිරු පායන්නට

ගොඩබිම මහ මුහුදක් විය
මහ මුහුදම ගොඩබිම විය

උදුම්බරා
ආ...හා...හා..
කඳුළු සළයි......
උදුම්බරා
ආ...හා...හා..
කඳුළු සළයි......
කඳුළු සළයි......",ගිනි රස්නය ,ගින්දර ,රස්නය ,ගින්දර වගේ අධික උණුසුමක් සහිත ,
වලා තීරයෙන් එහා,රෝහණ වීරසිංහ ,කුලරත්න ආරියවංස,ටී එම් ජයරත්න,නව රිද්ම ගී සොලොස ,2014,පැරණි පොප්,"වලා තීරයෙන් එහා
කොහේද ලෝකයක්
සොයා ඇදෙන් පැතුම් බිඟුන්
අපේම ලෝකයක්
අපේම ලෝකයක්
වලා තීරයෙන් එහා
කොහේද ලෝකයක්
සොයා ඇදෙන් පැතුම් බිඟුන්
අපේම ලෝකයක්
අපේම ලෝකයක්
තරංගයක් ලෙසින් ඇදී
බිඳී නොයන් සිතින්
වසන්තයක් ලෙසින් උදාව
එන්න ජීවිතෙන්
වලා තීරයෙන් එහා
කොහේද ලෝකයක්
සොයා ඇදෙන් පැතුම් බිඟුන්
අපේම ලෝකයක්
අපේම ලෝකයක්
සිහිල් සහන් සුසුම් සරින්
පවන් රොදක් ලෙසින්
නැවුම් පැතුම් අරන් වඩින්න
පෙම් උයන් දොරින්
වලා තීරයෙන් එහා
කොහේද ලෝකයක්
සොයා ඇදෙන් පැතුම් බිඟුන්
අපේම ලෝකයක්
අපේම ලෝකයක්",පැතුම් බිඟුන්,කුරුල්ලන් ,ප්‍රාර්ථනා ,කුරුල්ලන් පියඹනවා වගේ හිතට ඇතිවන ප්‍රාර්ථනා ,
සුදු මුතු රළ පෙළ කිඳුරු කොදෙව්වේ,රෝහණ වීරසිංහ ,කුලරත්න ආරියවංස,ටී එම් ජයරත්න,ආදර හසුන (සිංහල චිත්‍රපටය),1986,පැරණි පොප්,"සුදු මුතු රළ පෙළ කිඳුරු කොදෙව්වේ

පාවඩ පලස එලා..
සිඳුලඳ ගෙනදුන් මුතු කැකුලක් සේ
ඔබ මට තිලිණ වෙලා..
සුදු මුතු රළ පෙළ කිඳුරු කොදෙව්වේ
පාවඩ පලස එලා..
සිඳුලඳ ගෙනදුන් මුතු කැකුලක් සේ
ඔබ මට තිලිණ වෙලා..

යුගදිවි වැල්ලේ අඳුරු ඉස්සව්වේ

මුකුලිත සිතැඟි සලා
අරුණැල්ලක්සේ..
අරුණැල්ලක්සේ නුඹ මිණ පායා
සනහස ජනිත කළා..
සුදු මුතු රළ පෙළ කිඳුරු කොදෙව්වේ
පාවඩ පලස එලා..
සිඳුලඳ ගෙනදුන් මුතු කැකුලක් සේ
ඔබ මට තිලිණ වෙලා..

සැඩ රළ රැල්ලේ සැලෙන කැදැල්ලේ

රැඳුනෙමි සරණ සොයා
පවනැල්ලක්සේ..
පවනැල්ලක්සේ නොම හැර ආවෙමි
ඔබ හද සැදෙන තුරා..
සුදු මුතු රළ පෙළ කිඳුරු කොදෙව්වේ
පාවඩ පලස එලා..
සිඳුලඳ ගෙනදුන් මුතු කැකුලක් සේ
ඔබ මට තිලිණ වෙලා..",සුදු මුතු රළ,සුදු මුතු ,රළ ,සුදු පාට මුතු වගේ මුහුදු රළ,
සැනසුම් සුසුමන්,රෝහණ වීරසිංහ ,මාලිනි ජයරත්න,ටී එම් ජයරත්න,සොඳුරු අතීතයේ,1979,සම්භාව්ය,"සැනසුම් සුසුමන් පාවීලා
සඳ කැන් වතුරෙන් නෑවීලා
සැනසුම් සුසුමන් පාවීලා
සඳ කැන් වතුරෙන් නෑවීලා
තරු මල් අතරින් රිංගාලා
කොහි යන්නෙද මා තනි කරලා
සැනසුම් සුසුමන් පාවීලා
සඳ කැන් වතුරෙන් නෑවීලා
රෑ සද පානේ සීතල පවනේ
නා මල් අරණේ ළා දළු සෙවනේ
මා ලය කර ඔබගේ සුව යහනේ
ගෙවූ අතීතය මතකද මිහිරේ
ගෙවූ අතීතය මතකද මිහිරේ
සැනසුම් සුසුමන් පාවීලා
සඳ කැන් වතුරෙන් නෑවීලා
තරු මල් අතරින් රිංගාලා
කොහි යන්නෙද මා තනි කරලා
සැනසුම් සුසුමන් පාවීලා
සඳ කැන් වතුරෙන් නෑවීලා
දෑසට පෙනෙනා එකම රුවක් වෙයි
ඒ රුව මා නෙත් අංජනයයි
ජීවන ගීතේ තනුව වයන්නෙමි
ඈ එන තුරු මා තනිවීලා
ඈ එන තුරු මා තනිවීලා
සැනසුම් සුසුමන් පාවීලා
සඳ කැන් වතුරෙන් නෑවීලා
තරු මල් අතරින් රිංගාලා
කොහි යන්නෙද මා තනි කරලා
සැනසුම් සුසුමන් පාවීලා
සඳ කැන් වතුරෙන් නෑවීලා",තරු මල්,තරු ,මල් ,තරු වගේ ලස්සන මල් ,
නොබලන් කුමරිය,රෝහණ වීරසිංහ ,කිත්සිරි නිහාල්සෙන,ටී එම් ජයරත්න,නව රිද්ම ගී සොලොස ,නොදනී,පැරණි පොප්,"නොබලන් කුමරිය නිසසල මා දෙස
සසල ඔබේ දෙනෙතින්
ආදර පවනින් නොසැලුණු මා ලොව
කළඹනු නොහැක ඉතින්
ළඳකගේ සෙනෙහස නොපතමි කිසිදා
නිදහස අගයන්නෙම්
ළඳකගේ සෙනෙහස නොපතමි කිසිදා
නිදහස අගයන්නෙම්
නුරා පිරුනු නෙත වෙනතක දල්වා
සමුගත මැනවි ඉතින්
නොබලන් කුමරිය නිසසල මා දෙස
සසල ඔබේ දෙනෙතින්
ආදර පවනින් නොසැලුණු මා ලොව
කළඹනු නොහැක ඉතින්
සුපුරුදු තනිකම පාලුව මිහිරියි
හිඳිනෙමි සැනසිල්ලෙන්
සුපුරුදු තනිකම පාලුව මිහිරියි
හිඳිනෙමි සැනසිල්ලෙන්
ආදර රැහැනින් මහද වෙළන්නට
ඔබ හට නොහැක ඉතින්
නොබලන් කුමරිය නිසසල මා දෙස
සසල ඔබේ දෙනෙතින්
ආදර පවනින් නොසැලුණු මා ලොව
කළඹනු නොහැක ඉතින්",ආදර පවනින්,සුළඟ ,ආදරය ,නිතර වෙනස්වන ආදරය ,නොදනී
අඩවන්‌ වූ දෙනෙතින්‌ ගලනා,අමරදේව ඩබ්. ඩී.,අබේසිංහ ඩබ්. ඒ.,අමරදේව ඩබ්. ඩී.,වසන්ත ගීතය,2000,බෞද්ධ ගීත,"අඩවන්‌ වූ දෙනෙතින්‌ ගලනා
මෙත්‌ මුදිතා කරුණා ධාරා...//)

(තෙමා තෙමා හද ගලාංගලා යන
ලොව්තුරු ගුණ මහිමේ...//)
මහමෙවුනා උයනේ

සමාධි බුදු පිළිමේ

අඩවන්‌ වූ දෙනෙතින....

පිරී ඉතිරී යන මහ වචනුරක්‌ සේ

ගලා හැලෙන සිහිලැල්‌ ගඟුලක්‌ සේ
ගිමන්‌ නිවාලන මේ භව කතරේ
නිවන්‌ සදාලන බුදු ගුණ මහිමේ
(මහමෙවුනා උයනේ

සමාධි බුදු පිළිමේ...//)

අඩවන්‌ වූ දෙනෙතින.....//",පිරී ඉතිරී යන මහ වතුරක්‌ ,මහ වතුර,බුදු ගුණ,ලොවට සශ්‍රිකත්වය සෞභාග්‍ය ගෙන එන බුදු ගුණ,
අඩවන්‌ වූ දෙනෙතින්‌ ගලනා,,අබේසිංහ ඩබ්. ඒ.,අමරදේව ඩබ්. ඩී.,වසන්ත ගීතය,2000,බෞද්ධ ගීත,"අඩවන්‌ වූ දෙනෙතින්‌ ගලනා
මෙත්‌ මුදිතා කරුණා ධාරා...//)

(තෙමා තෙමා හද ගලාංගලා යන
ලොව්තුරු ගුණ මහිමේ...//)
මහමෙවුනා උයනේ

සමාධි බුදු පිළිමේ

අඩවන්‌ වූ දෙනෙතින....

පිරී ඉතිරී යන මහ වචනුරක්‌ සේ

ගලා හැලෙන සිහිලැල්‌ ගඟුලක්‌ සේ
ගිමන්‌ නිවාලන මේ භව කතරේ
නිවන්‌ සදාලන බුදු ගුණ මහිමේ
(මහමෙවුනා උයනේ

සමාධි බුදු පිළිමේ...//)

අඩවන්‌ වූ දෙනෙතින.....//",ගලා හැලෙන සිහිලැල්‌ ගඟුලක්‌ ,සිහිලැල්‌ ගඟුල,බුදු ගුණ,ලොවට සැනසීම ගෙන එන බුදු ගුණ ,
දෑතේ කරගැට ,අමරදේව ඩබ්. ඩී.,මහගමසේකර,අමරදේව ඩබ්. ඩී.,වැලි තල අතරේ,2002,සම්භාව්ය,"දෑනේ කරගැට සිඹ සනසන්න්ට
ළා ගොයමේ දළු පචන්‌ සලයි
දහඩිය මුතූ කැට මල්‌ වරුසා වී
කරල්‌ බරින්‌ පීදී වැගිරෙයි

අඩ සද මෝරන මැදියම්‌ අහසින්‌
බිළිදු හදට කිරි දියර ගලයි

හෙට ඉදිවන නව ලෝකය දැක දැක
පුංචි පුතා ගභීනෙන්‌ හින හෙයි

දහසක්‌ වැව්‌ බැදි යෝධ මිනිස්‌ කැල
යළි ඉපදී ඇති ලක්‌ දෙරණේ

සත්‌ රුවණින්‌ නව නිදහන්‌ මතුවී
පුතුගෙ සිනාවෙනි ඔප වැටුනේ

දෑසේ කදුලැල්‌ පිසදා බලනෙමි

හෙට ගිරු එළියට වඩින දිනේ

ණය නැති බිය නැති නිවහල්‌ යුගයක
පුංචි පුතා රජ කරනු පෙනේ

මා ගත වෙහෙසට ආදරයෙන්‌ දිය
ලල්පත පාදන පුංචි පුතූන්‌

ඒ ගත වෙහෙසම සතුටක්‌ වේ මට
ඔබ සිහි වන විට පුංචි පුතුන්‌

දෙදහස්‌ පන්සිය වසරක්‌ තිස්සේ
මා දුටු සිහිනය පුංචි පුතුන්‌

ඔබ හට ලොකය ඉදි කර දී මිස
යා නොහැකිය මට පුංචි පුතූන්‌
දෑනේ කරගැට සිඹ සනසන්න්ට
ළා ගොයමේ දළු පචන්‌ සලයි
දහඩිය මුතූ කැට මල්‌ වරුසා වී
කරල්‌ බරින්‌ පීදී වැගිරෙයි

අඩ සද මෝරන මැදියම්‌ අහසින්‌
බිළිදු හදට කිරි දියර ගලයි

හෙට ඉදිවන නව ලෝකය දැක දැක
පුංචි පුතා ගභීනෙන්‌ හින හෙයි

දහසක්‌ වැව්‌ බැදි යෝධ මිනිස්‌ කැල
යළි ඉපදී ඇති ලක්‌ දෙරණේ

සත්‌ රුවණින්‌ නව නිදහන්‌ මතුවී
පුතුගෙ සිනාවෙනි ඔප වැටුනේ

දෑසේ කදුලැල්‌ පිසදා බලනෙමි

හෙට ගිරු එළියට වඩින දිනේ

ණය නැති බිය නැති නිවහල්‌ යුගයක
පුංචි පුතා රජ කරනු පෙනේ

මා ගත වෙහෙසට ආදරයෙන්‌ දිය
ලල්පත පාදන පුංචි පුතූන්‌

ඒ ගත වෙහෙසම සතුටක්‌ වේ මට
ඔබ සිහි වන විට පුංචි පුතුන්‌

දෙදහස්‌ පන්සිය වසරක්‌ තිස්සේ
මා දුටු සිහිනය පුංචි පුතුන්‌

ඔබ හට ලොකය ඉදි කර දී මිස
යා නොහැකිය මට පුංචි පුතූන්‌
දෑනේ කරගැට සිඹ සනසන්න්ට
ළා ගොයමේ දළු පචන්‌ සලයි
දහඩිය මුතූ කැට මල්‌ වරුසා වී
කරල්‌ බරින්‌ පීදී වැගිරෙයි

අඩ සද මෝරන මැදියම්‌ අහසින්‌
බිළිදු හදට කිරි දියර ගලයි

හෙට ඉදිවන නව ලෝකය දැක දැක
පුංචි පුතා ගභීනෙන්‌ හින හෙයි

දහසක්‌ වැව්‌ බැදි යෝධ මිනිස්‌ කැල
යළි ඉපදී ඇති ලක්‌ දෙරණේ

සත්‌ රුවණින්‌ නව නිදහන්‌ මතුවී
පුතුගෙ සිනාවෙනි ඔප වැටුනේ

දෑසේ කදුලැල්‌ පිසදා බලනෙමි

හෙට ගිරු එළියට වඩින දිනේ

ණය නැති බිය නැති නිවහල්‌ යුගයක
පුංචි පුතා රජ කරනු පෙනේ

මා ගත වෙහෙසට ආදරයෙන්‌ දිය
ලල්පත පාදන පුංචි පුතූන්‌

ඒ ගත වෙහෙසම සතුටක්‌ වේ මට
ඔබ සිහි වන විට පුංචි පුතුන්‌

දෙදහස්‌ පන්සිය වසරක්‌ තිස්සේ
මා දුටු සිහිනය පුංචි පුතුන්‌

ඔබ හට ලොකය ඉදි කර දී මිස
යා නොහැකිය මට පුංචි පුතූන්‌
දෑනේ කරගැට සිඹ සනසන්න්ට
ළා ගොයමේ දළු පචන්‌ සලයි
දහඩිය මුතූ කැට මල්‌ වරුසා වී
කරල්‌ බරින්‌ පීදී වැගිරෙයි

අඩ සද මෝරන මැදියම්‌ අහසින්‌
බිළිදු හදට කිරි දියර ගලයි

හෙට ඉදිවන නව ලෝකය දැක දැක
පුංචි පුතා ගභීනෙන්‌ හින හෙයි

දහසක්‌ වැව්‌ බැදි යෝධ මිනිස්‌ කැල
යළි ඉපදී ඇති ලක්‌ දෙරණේ

සත්‌ රුවණින්‌ නව නිදහන්‌ මතුවී
පුතුගෙ සිනාවෙනි ඔප වැටුනේ

දෑසේ කදුලැල්‌ පිසදා බලනෙමි

හෙට ගිරු එළියට වඩින දිනේ

ණය නැති බිය නැති නිවහල්‌ යුගයක
පුංචි පුතා රජ කරනු පෙනේ

මා ගත වෙහෙසට ආදරයෙන්‌ දිය
ලල්පත පාදන පුංචි පුතූන්‌

ඒ ගත වෙහෙසම සතුටක්‌ වේ මට
ඔබ සිහි වන විට පුංචි පුතුන්‌

දෙදහස්‌ පන්සිය වසරක්‌ තිස්සේ
මා දුටු සිහිනය පුංචි පුතුන්‌

ඔබ හට ලොකය ඉදි කර දී මිස
යා නොහැකිය මට පුංචි පුතූන්‌
",දහදිය මුතු කැට ,මුතු ,දහදිය ,මුතු වගේ දිලිසෙන දහදිය බින්දු ,
දෑතේ එල්ලී ,අමරදේව ඩබ්. ඩී.,ස්වර්ණා  ශ්‍රී බන්ඩාර,අමරදේව ඩබ්. ඩී.,වැලි තල අතරේ,2002,සම්භාව්ය,"දෑතේ එල්ලී මියුරු කතා කී

සුරතල්‌ දෝණියනේ

කාලය රිය සක මහළු මගෙන්‌ ඔබ
ඈතට ගෙන යන්නේ

බොළද මියුරු බස්‌ සචන්‌ නිවා ලූ
කැකුළු සිනා රස සිත්‌ සනහා ලූ

අත්ත සිහිනය බොද වී දිය වී

ඈතට පාවචෙන්නෙ ~ඈතට පාවෙන්නේ

පරපුර වඩන ලෙසින්‌ වෙහෙසෙන ඔබ

ඇස නැළවූ සිත පිනවූ

මතක වරායෙන්‌ නොපෙනෙන ඈතට
වැලිබන පා චෙන්නේ ~ වැලි බත පා වෙන්නේ
දෑතේ එල්ලී මියුරු කතා කී

සුරතල්‌ දෝණියනේ

කාලය රිය සක මහළු මගෙන්‌ ඔබ
ඈතට ගෙන යන්නේ

බොළද මියුරු බස්‌ සචන්‌ නිවා ලූ
කැකුළු සිනා රස සිත්‌ සනහා ලූ

අත්ත සිහිනය බොද වී දිය වී

ඈතට පාවචෙන්නෙ ~ඈතට පාවෙන්නේ

පරපුර වඩන ලෙසින්‌ වෙහෙසෙන ඔබ

ඇස නැළවූ සිත පිනවූ

මතක වරායෙන්‌ නොපෙනෙන ඈතට
වැලිබන පා චෙන්නේ ~ වැලි බත පා වෙන්නේ
",කාලය රිය සක,රිය සක,වේගයෙන් ගමන් කරන,කාලය වේගයෙන් ගමන් කරනවා ,
ගිලෙම් ඔබේ ගුණ මූදෝ ,අමරදේව ඩබ්. ඩී.,අරිසෙන් අහුබුදු,අමරදේව ඩබ්. ඩී.,අමර ගී සර,1980,බෞද්ධ ගීත,"ගිලෙම්‌ ඔබේ ගුණ මූදෝ
විඳිම්‌ ඔබේ දම්‌ සාධු
වඳිම්‌ වඳිම්‌ ඔබ පාදේ
තිලොවග බුදු සමිඳේ
තිලොවග බුදු සමිඳේ.....

(සිඳ බිඳ මොහදුර පාප//)
(දැල්‌ වූ දහම්‌ ප්‍රදීප// )
(සිඳ බිඳ මොහදුර පාප//)
(දැල්‌ වූ දහම්‌ ප්‍රදීප//)
හෙළි කළ අප හෙළ දීප
තිලොවග බුදු සමිඳේ
තිලොවග බුදු සමිඳේ......

(සිල්ගත්‌ දිනිඳුන්‌ සේම//)
(සිල්‌ තෙද ගුණ ඇති සොම//)
(සිල්ගත්‌ දිනිඳුන්‌ සේම//)
(සිල්‌ තෙද ගුණ ඇති සොම//)
සත හට පෑ මච්‌ ප්‍රේම
තිලොවග බුදු සමිඳේ
තිලොවග බුදු සමිඳේ.......

ගිලෙම්‌ ඔබේ...

තිලොවග බුදු සමිඳේ....///",ගුණ මූද  ,මූද  ,මහත් විශාල,මහත් විශාල වූ ගුණ,
අමා ගඟ ගලාලා,අමරදේව ඩබ්. ඩී.,මහගමසේකර,අමරදේව ඩබ්. ඩී.,නොදනී,නොදනී,බෞද්ධ ගීත,"අමා ගඟ ගලාලා - අවා ගිනි නිවේවා
භවේ ශොක පීඩා ~ එයින්‌ සංසිදේෝවා
එයින්‌ සංසිදේවා... //

(සංසාර භය පතල -.සංහාර කොට දුරැර) //
ප්‍රඥාවේ මිණි පහන ඇවිලී

අඥාන ඝන තිමිර දුරලි

අඥාන ඝන තිමිර දුරදී

අමා ගඟ ගලාලා..

(සංතාප දුක සිදින ~ නිර්වාන සැප සැඳින) //
දුරුවී ලොවේ ලොභ තණ්හා
පැරදී කෙලෙස්‌ මාර සේනා
පැරදී කෙලෙස්‌ මාර ංසේනා

අමා ගඟ ගලාලා..",අමා ගඟ ගලාලා,ගඟ,විශාල ප්‍රමාණයක්,අමා ගුණ විශාල ප්‍රමාණයක්,නොදනී
ආරාධනා ,රෝහණ වීරසිංහ ,කුලරත්න ආරියවංස,අමරදේව ඩබ්. ඩී.,ආරාධනා,2013,සම්භාව්ය,"ආරාධනා...ආරාධනා...
ජීවිතයේ තනි මංසල අතරමං වෙලා
හුදෙකලාව සුසුම්‌ හෙලන හදවත සනහා
අනීතයේ ගිලිගී ගිය

සතුට රැගෙන යළි වඩින්න
ආරාධනා...ආරාධනා...

නෙළු සුපෙම්‌ කැටයම්‌ හද පවුරු තලාවේ
මැකී ගියාදො.. කාලයේ වෙරළේ
ජීවිතයේ දිගු ගමනින්‌ අනාථ වූදා
සෙනේහයේ සත්‌ පියුමන්‌ යළිදු පිපේවා
ආරාධනා...ආරාධනා...

එදා සිගිති කිරි සුවඳින්‌ යුග දිවි අරණේ
ඔබේ උණුසුමේ... යළිඳු උපන්නෙ ම්‌
බිඳුණු එචන්‌ රජ දහනින්‌ සමුගෙන යන දා
ඔබේ නුචන්‌ පහනින්‌ යළි එළිය ලැබේවා
ආරාධනා...ආරාධනා...
",ඔබේ නුවන් පහනින්,පහන ,ඇස් ,පහනක වගේ දිලිසෙන ඇස් ,
හඳපානේ වැලි තලා ,රෝහණ වීරසිංහ ,නොදනී,අමරදේව ඩබ්. ඩී.,සසර වසන තුරු ,1999,සම්භාව්ය,"හඳපානේ චැලි තලා සුර කුමරියො මල්‌ සලා
මිහිරි ලලිත ගී ගයා ංනටනි මේ රැයේ...

කුමුදු සමන්‌ පෙළ සැදී සීතල සඳ රැස්‌ වැදී
කොමළ සිනා පා ළෙල දේ සුවඳ විහිදුවා...

සඳ වතුරේ පෙනි පෙනී සුර බිළිඳෝ නැළවෙති
තුරු ලියෝ සැනසෙති සොඳුරු නිසල මේ රැයේ…",සඳ වතුරේ ,වතුර,සඳ කිරණ,වතුර වගේ සඳ එලිය පතිත වෙයි ,නොදනී
හන්තාන සිහිනේ,අරුණ ගුනවර්දන ,ජනක සිරිවර්ධන ,"උමාරියා  සින්හවන්ස, අමරදේව ඩබ්. ඩී.",නොදනී,2020,සම්භාව්ය,"බලා වැලපෙමි නෙලාගනු බැරි
හන්තාන සිහිනේ

දරා නෙත්‌ අග දොවා සිත්‌ මල
ගොතනු මැන ළදුනේ

සංසාර සිහිනෙ.....

වැහි පබළු යට රඟමඩල මැද
ඔබේ දෑනේ තුරුළුවෙන්නට
බිසෙො හැරගිය ළසෙං රහහල
අමාචක අදුරේ

නොයනු මැන ළදුනෙ.....

බලා චැලපෙමි නෙලාගනු බැරි
හන්තාන සිහිනේ

වඩින තනූරු සඳ දුරින්‌ ඉන්නම්‌
තරු ඇදුරු පෙම්‌ ගී අහන්නම්‌
සොළුරු ඒ සඳ දියේ එන්නම්‌
ඉඳිනු මැන සොළුරේ
හන්තාන අරණේ.....

හන්තාන සිහිනෙ....",වැහි පබළු,පබළු,වැහි බින්දු ,පබළු වගේ හැඩති වැහි බින්දු ,
හීන් සැරේ ඔබ ආවා ,ප්‍රේමසිරි කේමදාස ,අජන්තා  රණසිංහ,"අමරදේව ඩබ්. ඩී., සුනේත්‍රා  සරත්චන්ද්‍ර ",නොදනී,නොදනී,සම්භාව්ය,"හීන්‌ සැරේ ඔබ ආවා ආවා

සයනෙන්‌ පිබිදී ඔබ ආවා ආවා
යාන්තමින්‌ මා සිත ඇඳි පිළිරුව ඔබ ආවා
වැතිරී පෙම්‌ සිරි යහනාවේ ඔබ ආවා ආවා

තරුවෙන්‌ තරුවට පැන පැන හෙමිහිට
මලකින්‌ මලකට පියඹා කදිමට

මා දභකාරිය නාරිලනාචිය
(කාන්සියේ හොඳ අඳුර මකා හැර...//)
හීන්‌ සැරේ ඔබ ආචා ආවා

(මන්‌ කොවචවුලන්‌ ගීත නදින
සන්‌ පියුමන්‌ රේණු මතින...//)
අත්වැල්‌ බැඳ නටමු නටමු
සිත්‌ සැණකෙළියේ...

සිත්‌ සැණකෙ ළියේ..

(නීළඹ නිල්‌ වියන යටින්‌
පින්න පිපුණු පලස මතින....//)
සුරංගනා රැඟුම්‌ රඟමු

සඳ තරුවලියේ..

සඳ තරුවලියේ..",කාන්සියේ හොඳ අඳුර මකා,අඳුර,කාන්සිය ,අඳුරක් වගේ කාන්සිය  ,නොදනී
කන්ද උඩින් එන ,නොදනී,නොදනී,අමරදේව ඩබ්. ඩී.,කොළොම්තොට ,1985,නොදනී,"කන්ද උඩින්‌ එන කිකිළිය ගොමරියේ
නළල්‌ වටින්‌ එන දාඩිය මුතු කැටියේ

කන්ද උඩින්‌ එන ගොමරියේ
ඇයි මට පිටුපා ගෙට යන්නේ
නළලේ දාඩිය මුතූපට පටලා
වළකුලේ සුදු සේලය රැළි ලා
අත පාමුදු පය පාමුදු ලාගෙන
ළමැද ගොමර මල්‌ංගවසාගෙන
කන්ද උඩින්‌ එන ගොමරියේ

කන්ද උඩින්‌ සඳවත පායන්නේ
සිනා කිරෙන්‌ සඳ එළිය ගලන්නේ
ලැවුගිනි ගත්‌ හද එයිනි නිවෙන්නේ
රන්තැටියෙන්‌ කිරි දියර දියන්නේ

කළු පාමුල මිටියාවත වැතිරී

ඔබ එනතුරු මම හිඳිනෙමි තනිවී
ඈත ඉඳන්‌ කඳු මුදුනට නැගලා
මා කැදවන්‌ ඔබංවෙත අත වනලා",දාඩිය මුතු කැටියේ ,මුතු ,දහදිය ,මුතු වගේ දිලිසෙන දහදිය බින්දු ,නොදනී
මගේ කඳුලින් ,අමරදේව ඩබ්. ඩී.,නොදනී,අමරදේව ඩබ්. ඩී.,විකසිත පෙම්,2013,සම්භාව්ය,"මගේ කඳුළින්‌ ඔබේ දෙනුවන්‌
දොවාලන්නට චරම්‌ නෑ

මගේ දෙතොලින්‌ ඔබෙ කළඳුලැල්‌
නිවාලන්නට වරම්‌ නෑ

සිතෙයි දෝතින්‌ මලක්‌ සේ ගෙන
ඔබේ සෙනෙහස වැළඳ ගන්නට
නමුදු පරසතූ මලක්‌ වී ඔබ

නොමැත මා හට සුවඳ දෙන්නේ

සිතේ ඇවිළෙන ඔබේ හදවත
මගෙ සුසුමින්‌ නිවා' ලන්නට
නමුදු අවසර නොමැති පියසෙකි
ඔබේ ලොව මට අත පොචන්නට",පරසතූ මලක්‌ වී ඔබ,පරසතූ මල,අනෙකුගේ ආදරවන්තිය,අනෙකුගේ ආදරවන්තියක් වී ඔබ,නොදනී
කරදර පොදි බැඳ,අමරදේව ඩබ්. ඩී.,නොදනී,අමරදේව ඩබ්. ඩී.,වැලි තල අතරේ,2002,සම්භාව්ය,"කරදර පොදි බැඳ ගැල පිට පටවා
කරුමයෙ කළු ගොනු පෙරටුවෙ බැඳගෙන
මේ ජීවන මඟ අප යනවා

ඒ ගමනේ දුක්‌ දාහෙ නිවාලන

(සී පද මුවගින්‌ පිට වෙනවා....//)

අප යන මේ මඟ කළු ගල්‌ මතූ වී
පය රත්‌ වීලා බුබුළ නැඟෙන සඳ
දෑසින්‌ කදුළැලි පිට වෙනවා

ඒ ගමනේ දුක්‌ දාහෙ නිවාලන
(සී පද මුවගින්‌ පිට වෙනවා..../7/)

කිරිගල්‌ පොත්තේ කන්ද නගින විට
ගම සිටිනා ඔබ හදේෝ' ඇඳෙනවා
ඒකෙන්‌ ගමනට හිත දෙනවා

ඒ ගමනේ දුක්‌ දාහෙ නිවාලන

(සී පද මුවගින්‌ පිට වෙනවා....//)",කරුමයෙ කළු ගොනු, කළු ගොනු,පල විපාක,කර්මයේ පල විපාක,නොදනී
මිහිපිට අඟලක්‌ හිමි නැනි මිනිසෙක්‌,සෝමපාල රත්නායක ,නොදනී,අමරදේව ඩබ්. ඩී.,නොදනී,නොදනී,සම්භාව්ය,"මිහිපිට අඟලක්‌ හිමි නැනි මිනිසෙක්‌
නනයිී මාළිගා අඟසෝ...

කිරුළු පළඳන්න රටක්‌ නැනි
රජකරවන්‌්නට පුනකු නැනි
අනිනයක්‌ මඳ හෙටක්‌ නැනි

මිහිපිට බිම අඟලක්‌ නොමැනි
මිනිසෙක්‌ නනන මාළිගා මාළිගා...

සින්‌ මාළිගයේ කවිරු රන්දන්නෙ

අඳුරු කුටිය කෙලෙසද හෙළිවන්නේ

පාළු කවුදෝ සිදිලුන්ෂෙ

පෙර මෙන්‌ කිං නැන හැඬවෙන්නේ
මිනිසෙක්‌ නනන මාළිගා මාළිගා...

අඳුරු මාළිගා හෙළිකරවන්නයි
පාළු මොහොනින්‌ සිඳලන්නයි
හෙළමව යලි රන්‌ කිරුළු දුරන්නයි
හෙළේ පැනුම යලි රජකරවන්නයි...

මිනිසෙක්‌ නනන මාළිගා මාළිගා
අහසඝෝ නනන මාළිගා මාළිගා...",හෙළමව,මව,උපන් බිම,ශ්‍රී ලංකාව,නොදනී
මුණි සිරිපා සිඹිමින්නේ,නොදනී,නොදනී,"අමරදේව ඩබ්. ඩී., නන්දා  මාලිනි ",ඉරට මුවාවෙන් ,2000,නොදනී,"මුණි සිරිපා සිඹිමින්නේ
සමනොළ ගිරි පෙදෙසින්නේ
මඳ සුළඟයි මේ එන්නේ
මගේ පුතා නැලැවෙන්නේ

ජාතික රණ දෙරණ මනේ
ගැටී වැටී මළ මොහොනේ
සුන්දර සුරඹුන්‌ ගෙ අනේ
නැළවෙනෙ බව සිතනු පුතේ
නිදහස්‌ හිරු පායනවා

දෑ බැනි මල්‌ පිබිදෙනවා
සිරිලක්‌ මච හිනැහෙනවා
මගේ පුතා නැළවෙනවා

කැප්පෙටිපොළ සෙනවිසුරු

කළ රුපු සෙන්‌ මන්‌ දැදුරු

අවිරු විකුම්‌ පෑ අයුරු

නුඹට පුතේ වෙයි මියුරු

ජාතිය රන්‌ විමනක්‌ වේ ආගම මිණි පහනක්‌ චේ
එය රැකගන්නට මෙලොවේ

සමත්‌ වෙතොත්‌ පුත නුඹවේ",ජාතිය රන්‌ විමනක්‌ වේ,රන්‌ විමන,ජාතිය,ජාතිය ඉතා වටිනවා ,නොදනී
මුණි සිරිපා සිඹිමින්නේ,අමරදේව ඩබ්. ඩී. ,නොදනී,"අමරදේව ඩබ්. ඩී., නන්දා  මාලිනි ",ඉරට මුවාවෙන් ,2000,නොදනී,"මුණි සිරිපා සිඹිමින්නේ
සමනොළ ගිරි පෙදෙසින්නේ
මඳ සුළඟයි මේ එන්නේ
මගේ පුතා නැලැවෙන්නේ

ජාතික රණ දෙරණ මනේ
ගැටී වැටී මළ මොහොනේ
සුන්දර සුරඹුන්‌ ගෙ අනේ
නැළවෙනෙ බව සිතනු පුතේ
නිදහස්‌ හිරු පායනවා

දෑ බැනි මල්‌ පිබිදෙනවා
සිරිලක්‌ මච හිනැහෙනවා
මගේ පුතා නැළවෙනවා

කැප්පෙටිපොළ සෙනවිසුරු

කළ රුපු සෙන්‌ මන්‌ දැදුරු

අවිරු විකුම්‌ පෑ අයුරු

නුඹට පුතේ වෙයි මියුරු

ජාතිය රන්‌ විමනක්‌ වේ ආගම මිණි පහනක්‌ චේ
එය රැකගන්නට මෙලොවේ

සමත්‌ වෙතොත්‌ පුත නුඹවේ",ආගම මිණි පහනක්‌ චේ,මිණි පහන,ආගම,ආගම ජීවිතේ එලිය කරනවා ,නොදනී
මිත්දද හීසර,අමරදේව ඩබ්. ඩී. ,මඩවල එස්. රත්නායක,අමරදේව ඩබ්. ඩී.,ස්වර්ණ විමානය,2000,සම්භාව්ය,"මිත්දද හීසර වැදී සැළෙත හද
තංවත දුක්‌ ගී ඔ්ට ඇසෙතවද
තත්දත මල්‌ අතූරා ඇති යහතට
කත්ද කපා පායත්‌ රන්‌ පුත්‌ සඳු...../7

තුරඟෙකු පිට නැගි ත්ල වලාකුළු
ගුවත්‌ ගැබෙත්‌ ඔබ ඇදෙත වෙලේ
පිබුදුතු දෑසිත්‌ බලා හිඳිමි මම
කුසුම සිතා කැත්‌ හද පුරවා.....

මෙතුවක්‌ කල්‌ මුව මඬල වසා සිටි
අත්ධකාර සළු පටිත්‌ මුදා

තෙත්‌ මිණි පහතිත්‌ පහත්‌ කරතු මැත
අතාගතේ මත්‌ පෙත පාරා.....",නෙත් මිණි පහනින් පහන් කරනු මැන , මිණි පහන්,ඇස්,හොදින් බලා තේරුන් ගන්න ,
මුචරද බර පිපි මල්‌ ගොමු,අමරදේව ඩබ්. ඩී. ,නොදනී,අමරදේව ඩබ්. ඩී.,කොළොම්තොට ,1985,සම්භාව්ය,"මුචරද බර පිපි මල්‌ ගොමු අතරේ නැත ආදරේ
දේදුන්නේ පැහැ රේඛා අතරේ නැත ආදරේ

හඳපානේ ගඟ දිය රැළි අතරේ නැත ආදරේ
ඝණ අළුරේ හුදකලාව නඟි කළුලකි ආදරේ

තුරු වදුලේ ඇල්‌ හෙවනැලි අතරේ නැත ආදරේ
රත ලවචනෙ පෙම්‌ හසරැලි අතරේ නැත ආදරේ

යුග නයනේ නිල්‌ මිණි කැට අතරේ නැත ආදරේ
ඝණ අළුරේ හුදකලාව නැඟි කළඳුලකි ආදරේ",නයනේ නිල්‌ මිණි කැට,නිල්‌ මිණි කැට,නයන,නිල් මැණිකක් වගේ දිලිසෙන ඇස් ,නොදනී
නීල කොබෙයි රැන ඇඳී,නොදනී,නොදනී,අමරදේව ඩබ්. ඩී.,නොදනී,නොදනී,පැරණි පොප්,"නීල කොබෙයි රැන ඇඳී
වී අහුලන ඉපනැල්ලේ

මාල ගිරවු පේලි ගැසීලා
නව අවුරුදු ගීත ගයනවා

වක්කඩ ළඟ දිය සුළියේ
තිත්ත පැටව්‌ කලබලයේ
ඒ නාලෙට චරල්‌ සළාලා
නව අවුරුදු නැටුම්නටනවා

ඔංචිලි චිලි චිල්ල මගේ
වැල්ල දිගට නෙල්ලි කැලේ
ගසුයි චැලුයි මලින්‌ පිරෙනවා
ගම්මානෙට අචුරුදු එනචා

නා වැටියම දළු දමලා

නා අතු අග මල්‌ පිපිලා
බාල ලියන්‌ ටිකිරි හිනා වේ
රිදී එළිය ගමට ගෙනාවේ",රිදී එළිය ගමට ගෙනාවේ,රිදී එළිය,හිරු එලිය,සුදු පාට හිරු එලිය ගමට වැටෙනවා,නොදනී
ඔබ සුමුදු නෙත්‌,අමරදේව ඩබ්. ඩී. ,නොදනී,අමරදේව ඩබ්. ඩී.,වසන්ත ගීතය,2000,පැරණි පොප්,"ඔබ සුමුදු නෙත්‌ කැළුම්‌ සපැමිණ ගැටීලා - මා ඇසි පියේ
පතිත වුනා ~- මහනෙල්‌ පතක්‌ සේ - නිසල රැය මත විල්‌.ජලේ
ඔබ සුසුම්‌ රේණු පවනට මුසු වුනා

පතිත වුනා ~ .මහනෙල්‌ පතක්‌ සේ - නිසල රැය මත විල්‌ ජලේ

නිල්‌ මානෙල්‌ මල්‌ පහසින - කැළඹී යයි මා හද විල

ඉවුරු බදියි නිබඳ යදින - මුදු පෙණකැටි සෙනෙහසේ

ඔබ සුසුම්‌ රේණු පවනට මුසු වුනා

පතිත වුනා - මහනෙල්‌ පතක්‌ සේ - නිසල රැය මත විල්‌ ජලේ",හද විල,විල,හදවත,කලබලවෙයි මගේ හදවත,නොදනී
ඔබෙ සිනා - චිකසිත වේවා,ප්‍රේමසිරි කේමදාස ,කුලරත්න ආරියවංස,අමරදේව ඩබ්. ඩී.,නොදනී,නොදනී,සම්භාව්ය,"ඔබෙ සිනා - චිකසිත වේවා

විකසිත චේවා

නිවා.පහන්‌ ටැඹ ප්‍රාර්ථනාවේ
හලා පැතුම්‌ මල්‌ මගේ ලොවේ
මා හැර ඔබ යන නැවුමි ලොවේ
ඔබේ සිනා ~ විකසිත වේචා

අපේ නිසංසල පෙම්‌ කඳුරැල්ලෙන්‌
වළා රොදක්‌ සේ ඈතට පාවී

ඔහු පා සෙවණට ඔබ යන ගමනේ
සුසුම්‌ තැවුල්‌ ~ ඔබට නොවේචා

ඔබේ අහිංසක නෙත්‌ ගඟුලැල්ලෙන්‌
ගලා හැලෙන මුදු හසරැල්‌ දහරෙන්‌
දැවටී සෙනෙහස ඔහු අද සෙවණේ
නැවුම්‌ පැතුමි- පියුම්‌ පිපේවා",නැවුම්‌ පැතුම්‌ පියුම්‌ පිපේවා, පියුම්‌,පැතුම්‌,අලුත් යහපත් ප්‍රර්ථනා පහල වේවා  ,නොදනී
පෙම්‌  රළ පතරින්‌,අමරදේව ඩබ්. ඩී. ,සුනිල් ආරියරත්න,අමරදේව ඩබ්. ඩී.,හිම කඳු අතරින්,1982,පැරණි පොප්,"පෙම්‌  රළ පතරින්‌ නිබඳව නැහැවෙන
මිනිස්‌ හඬින්‌ තොර පාළු දිවයිනේ
මා තනි කර දා පාවෙන ඔබගේ
ජීවන නෞකා නොබිඳදේවා

කණකොක්‌ සුද පමණයි බොල්‌ අහසේ
සිතිජය රේඛාවේ

මුච වීණාවේ මන්ද ස්චරයෙන්‌'

මුහුද ගසඩන හඩ සචනත නොනැගේ
මා තනි කර දා පාවෙන ඔබගේ

ජීවන නෞකා නොබිදේවා

සිත්‌ සැණකෙළියේ සිතුවිලි සඳළෙළුන්‌
නිහඩව නිදා සිටී

වියරු සිනා හඞ රස ගී ගංගා

සිදී බිඳී සැහවේ සැඟවේ",ජීවන නෞකා නොබිඳදේවා,නෞකා,ජීවිතය ,නැවක් වගේ කරදර බාධක පැමිණෙන ජීවිතය ,
ප්රේමයේ නිජ බිමේ,නොදනී,සුනිල් ආරියරත්න,අමරදේව ඩබ්. ඩී.,නොදනී,නොදනී,පැරණි පොප්,"ප්රේමයේ නිජ බිමේ
සැරිසරා සොයන්නේ

බිඳී ගිය ස්නේහයේ

අසුන්දර සුන්බුන්ද

භ්රාණ වී සුසුම්ලන
ආදරේ සොහොන්‌ කොත්‌

යෝධ සුදු කුළුණු මැද
පාළු වී ගිලී ඇත

යෞචනය ථඋදා කල
ප්රේමයේ නාමයෙන්‌
ඔබේ හද ඉකි බිඳියි
ජීවිනේ ඇති තූරා
",ආදරේ සොහොන්‌ කොත්‌,සොහොන්‌ කොත්‌,අමතකවූ මතකයන් ,බිදී ගිය ආදරවල අමතකවූ මතකයන් ,නොදනී
පාලු අඳුරු නිල්‌ අහස මමයි,නොදනී,නොදනී,අමරදේව ඩබ්. ඩී.,නොදනී,නොදනී,සම්භාව්ය,"පාලු අඳුරු නිල්‌ අහස මමයි
ඈත දිලෙන තනි තරුව ඇයයි
යුගයෙන්‌ යුගයට හදවත්‌ ඉල්ලන
බලාපොරොත්තූව පැතූම ඇයයි
පාලු අඳුරු නිල්‌ අහස මමයි
ඈත දිලෙන තනි තරුව ඇයයි

අසාර වූ මහ පොළොව මමයි
ගලා බසින දිය දහර ඇයයි //
යුගයෙන්‌ යුගයට හදවත්‌ .නලචන
සදාකාලික චු සැපත ඇයයි

පාලු අඳුරු නිල්‌ අහස මමයි
ඈත ඳිලෙන තනි තරුව ඇයයි

කැළෑව මැද කටු පඳුර මමයි

පිපී වැනෙන මල්‌ පොකුර ඇයයි //
යුගයෙන්‌ යුගයට හදවත්‌ පුරවන
අළුරු වේදනා කැටිය ඇයයි

පාලු අඳුරු නිල්‌ අහස මමයි
ඈත දිලෙන තනි තරුව ඇයයි",පාලු අඳුරු නිල්‌ අහස මමයි,පාලු අඳුරු නිල්‌ අහස,තනි වූ කර්කශ ජීවිතය,මට ඇත්තේ තනි වූ කර්කශ ජීවිතයකි.,නොදනී
පාළොස්වක සඳ පායනු වැන්නේ,ප්‍රේමසිරි කේමදාස ,අජන්තා  රණසිංහ,"අමරදේව ඩබ්. ඩී., නීලා  වික්‍රමසිංහ ",බඹරෙකු ආවයි,2010,සම්භාව්ය,"පාළොස්වක සඳ පායනු වැන්නේ
සොඳුරු කිඳුරු රුව ආල වඩන්නේ
සිතුම්‌ පැතුම්‌ ඉටු වේවිද මන්දා
පූරුවේ කල පිං අපට කොයින්දා
පූරුවේ කල පිං අපට කොයින්දා

සැතපෙන නින්දෙදි රෑ තුන්යම
හීන හතක්‌ පෙනුනා

සඳ කිඳුරෙකු ලෙසිනා එමසඳ
ඔබේ රුව මංදුටුවා

සියුමැලි වත දකිනා

මා නෙත ආල මතින්‌ බැළඳුනා
මියුරු තෙපුල්‌ නගනා
සවනත බිගු ගී රැව්‌ නගනා
සවනත බිගු ගී රැව්‌ නගනා

පංළොස්චක සඳ...

කියා ගන්න බැරුවා හිතු දේ තොල්‌ අතරේ රැඳුනා
මනාපදෝො මන්දා මාගෙ සිත ආදර මල්‌ පිපුණා

තුන්භතිරි ගෙලට ළඳේ රිදියෙන්‌ මාල පොටක්‌ දෙන්නා
එරබදු මල්‌ මාසේ

නැකතට කැන්දාගෙන යන්නා

නැකතට කැන්දාගෙන යන්නා

පාළොස්වක සඳ...
",මාගෙ සිත ආදර මල්‌ පිපුණා,මල්‌, ආදර ,මගේ සිතේ ආදර සිතිවිලි පහල වුනා ,
සඳකත්‌ පිණි දිය,නොදනී,නොදනී,අමරදේව ඩබ්. ඩී.,නොදනී,නොදනී,නොදනී,"සඳකත්‌ පිණි දිය දිය වී ගලනා - සීතල කඳු අතරේ
හද ගොළු චී ඉකි බිඳ ඔබ හඬනා හඬ ~ මා සවනේ පෑදේ

නිසංසලේ රැ අහසේ ~ නිසංසලේ රෑ ඝන බොල්‌ අහසේ
මිලාන වූ බොල්‌ එළියේ  ඹබේ නුවන්‌ මිණි පහන්‌ නැගී
ඇවිලේ මා දෑසේ

සුසුමි හෙළන තුරු ළතා ළපල්ලේ - සිහිල්‌ සුළඟ හා වෙළී
මගේ කචුළු දොර තුලින්‌ එබී - ඔබ සොයා ඇදේ", ඹබේ නුවන්‌ මිණි පහන්‌ නැගී,මිණි පහන්‌,ඇස්,මැණික් සහ පහනක් වගේ දිලිසෙන ,නොදනී
සීතල වතුර ගලයි,නොදනී,ශ්‍රී චන්ද්‍රරත්න මානවසිංහ,අමරදේව ඩබ්. ඩී.,නොදනී,නොදනී,නොදනී,"සීතල වතුර ගලයි ~සිතුවිලි තරඟ නටයි

ඈත බලා යන මේ දිය දහරා ~ ජීවන ගමනේ රහස කියයි
බාධක ගල්‌ පර තිබුණන්‌ මතූ වී - ජයබිමං සොයමින්‌ පෙරට ඇදෙයි

ලස්සන දියවැල්‌ කලකදි සිඳිලා ~ සුදු වැලි ගොඩවී වියළෙනවා
මල්‌ පෙති ගිලිගී ගහ කොළ මැළවී - බිම ඉරි තලලා පුපුරනවා",බාධක ගල්‌ පර තිබුණන්‌ මතූ වී,බාධක ගල්‌ පර,කරදර බාදක,ගල් වගේ කරදර බාධක ,නොදනී
සසර වසන තුරු ,නොදනී,නොදනී,අමරදේව ඩබ්. ඩී.,සසර වසන තුරු ,1999,සම්භාව්ය,"සසර වසන තුරු
නිචන්‌ දකින තුරු...//)
පින්‌ කෙත හෙළ රන්‌ දෙරණේ
යළි උපදින්නට

හේතූ වාසනා වේවා

හේතූ වාසනා

(රත්නමාලි සෑ කිරණයි මහ බෙ) සෙවණයි
තිසා වැවයි සීගිරියයි මගේ උරුමයයි...//)

(සසර වසන තුරු

නිචන්‌ දකින තුරු...//)

පින්‌ කෙත හෙළ රන්‌ දෙරණේ
යළි උපදින්නට

හේතූ වාසනා වේවා

හේතූ වාසනා
",හෙළ රන්‌ දෙරණේ,රන්‌ දෙරණ,ශ්‍රී ලංකාව,වටිනා දේශය ,නොදනී
සංසාරේ එක මොහොතක්‌,නොදනී,නොදනී,අමරදේව ඩබ්. ඩී.,රන් දහදිය බින්දු ,1980,නොදනී,"සංසාරේ එක මොහොතක්‌ නැවතිලා
කල්පයක්‌ ගෙවුණි හදචත ගොළු වෙලා
ලොවම සසල විය ~ ලොවම නිසල විය
ඔබේ නීල නෙතූ රැහැනේ දැවටීලා
වසන්තයේ පෙමි කුළුදුල්‌ කැකුළු පිපීලා
පෙමි කැකුළු පිපීලා

එක මොහොතක සංසාරේ මාංනැවතුණේ
පුරා කල්පයක්‌ ගෙවුනි ද හද ගොළු වෙලා
මුවින්‌ නොකී බස ~ නුවන්‌ අගින්‌ බැස
ඔබේ නීල නෙතූ රැහැනේ දැවටීලා
වසන්තයේ පෙමි කුළුදුල්‌ කැකුළු පිපීලා
පෙමි කැකුළු පිපීලා
",පෙමි කුළුදුල්‌ කැකුළු පිපීලා,කැකුළු,හැගුම්,කුලුදුල් පෙම් හැගුම් පහල වෙලා ,නොදනී
සිරිපා  පියුමේ ,නොදනී,මහගමසේකර,අමරදේව ඩබ්. ඩී.,නොදනී,නොදනී,සම්භාව්ය,"සිරිපා පියුමේ රොන්‌ සුනු තැවරී
ගිමන්‌ නිවන පවන්‌ හමා ඒ
නිවී පහන්‌ වී ලය සැනහේ

නිවන්‌ දොරට මග පානා
සමනොළ රන්ගිර මුදුනේ
බැන්ද වියන්‌ සේ

අරුනු වලා රන්‌ සළු
සිත කිමිදේ

ලොව්තූරු සුවදේ

කෙලෙස්‌ මලින්‌ පිරි සිත සුවපත්‌ වී

පාවී යයි නිසංසලේ

මහ රහතුන්‌ වැඩි මග ඔස්සේ
වලා අතුළ කළු චැටි අතරේ",අරුනු වලා රන්‌ සළු,රන්‌ සළු,අරුනු වලා ,උදෑසන වලාකුළු රත්තරන් සළු වගේ ,නොදනී
සිහින නෙලුම් මල ,නොදනී,නොදනී,අමරදේව ඩබ්. ඩී.,අමර ගී සර,1980,සම්භාව්ය,"සිහිත තෙළුම මල ජීවිත පොකුණේ
දෑස අබියස පිඵී සැලේ
දෑස අබියස පිඵී සැලේ
සිහිත තෙ ළැම මල ජීවිත පොකුණේ

තූත්‌ යම ගත වූ ජීවිතයේ
අරුණ ථළූ තැගෙතා පභාතයේ //
අහස ඉසවච්වෙත්‌ ඔබ මා දුටුවේ
ඊද්‌ පහත්‌ තරුවක්‌ වාගේ
ඊදී පහත්‌ තරුවක්‌ වාගේ

දෑස වසාගෙත මැදියම යාමේ
යහතත වැතරී තදත වෙලේ //
කවියක්‌ ලෙස ඔබ හදවත ගුලි වී
මා හද පිරිමැද අවදිකලා

මැදියම අචවදීි ව හැබැහිත්‌ දුටුවෙමි
පෙරයම තත්දේ දුටු සීතේ

එහෙත්‌ සිහිතයක්‌ වේ දෝ එය යළි
ජීවිතයේ අත්තිම යාමෙ",සිහින නෙලුම් මල ,නෙලුම් මල ,සිහින ,නෙලුම් මලක් වගේ සුන්දර සිහින ,නොදනී
සීත පිණි බිඳු,ප්‍රේමසිරි කේමදාස ,කුලරත්න ආරියවංස,අමරදේව ඩබ්. ඩී.,නොදනී,නොදනී,සම්භාව්ය,"සීත පිණි බිඳු අතුරවා ~ නිල්‌ උපුල්‌ මත තවරා
සොෞොකයෙන්‌ මැළවුණු ඔබේ - නෙත කදුළු සිහිංගන්වා
මා නුවන්‌ ~ කළඹයි ~ උදෑසන අවුදින්‌

ඈත කඳු නිම්නෙන්‌ - ගලා යන ~ දිනිඳු රැස්‌ දහරින්‌
අචර ගිරේ සිතූවමි මැවී - සේ සිහින ලොව අපගේ
මා සිතුම්‌ කළඹයි - සැඳෑ කල අවුදින්‌

නීලඹර කර හුදකලා ~ සුමුදු සඳවත සඟවලා

සුසුමි ලන ඝනදුර මවා

මගේ ලොවට ඔබ කචරදා වත්‌. නො~එන බව සඟවා
ජීවිතය හඬවයි -~ රාත්‍රිය අවුදින්‌",නිල්‌ උපුල්‌ මත තවරා,නිල්‌ උපුල්‌,ඇස්,උපුල් මල් වගේ ඇස ,නොදනී
